condition,tc_bin,n,bias,rmse
grouped__input_noise_0.4__seed0,<=10,1440,3.31,9.651
grouped__input_noise_0.4__seed0,10-20,584,6.409,18.08
grouped__input_noise_0.4__seed0,20-40,723,7.892,21.421
grouped__input_noise_0.4__seed0,40-74,576,11.596,19.436
grouped__input_noise_0.4__seed0,74-100,696,-7.011,12.282
grouped__input_noise_0.4__seed0,>100,146,-13.178,18.747
grouped__label_noise_0.4__seed0,<=10,1440,2.012,8.31
grouped__label_noise_0.4__seed0,10-20,584,2.757,10.831
grouped__label_noise_0.4__seed0,20-40,723,0.735,11.997
grouped__label_noise_0.4__seed0,40-74,576,0.713,13.834
grouped__label_noise_0.4__seed0,74-100,696,-6.08,15.09
grouped__label_noise_0.4__seed0,>100,146,-9.968,18.207
grouped__missing_frac_0.5__seed0,<=10,1440,5.322,10.058
grouped__missing_frac_0.5__seed0,10-20,584,5.942,15.464
grouped__missing_frac_0.5__seed0,20-40,723,4.931,16.005
grouped__missing_frac_0.5__seed0,40-74,576,1.414,13.593
grouped__missing_frac_0.5__seed0,74-100,696,-16.337,19.779
grouped__missing_frac_0.5__seed0,>100,146,-29.499,32.745
grouped__train_fraction_0.02__seed0,<=10,1440,6.129,10.457
grouped__train_fraction_0.02__seed0,10-20,584,6.904,16.427
grouped__train_fraction_0.02__seed0,20-40,723,6.049,16.922
grouped__train_fraction_0.02__seed0,40-74,576,1.748,12.856
grouped__train_fraction_0.02__seed0,74-100,696,-18.878,22.615
grouped__train_fraction_0.02__seed0,>100,146,-33.405,38.525
grouped__train_fraction_1.0__seed0,<=10,1440,1.922,6.285
grouped__train_fraction_1.0__seed0,10-20,584,2.372,8.718
grouped__train_fraction_1.0__seed0,20-40,723,1.145,10.287
grouped__train_fraction_1.0__seed0,40-74,576,0.358,12.096
grouped__train_fraction_1.0__seed0,74-100,696,-6.518,14.577
grouped__train_fraction_1.0__seed0,>100,146,-9.644,17.931
ood__input_noise_0.4__seed0,74-100,3481,-31.121,32.269
ood__input_noise_0.4__seed0,>100,768,-61.688,62.811
ood__label_noise_0.4__seed0,74-100,3481,-28.081,30.741
ood__label_noise_0.4__seed0,>100,768,-63.202,64.702
ood__missing_frac_0.5__seed0,74-100,3481,-38.403,39.502
ood__missing_frac_0.5__seed0,>100,768,-69.792,70.773
ood__train_fraction_0.02__seed0,74-100,3481,-36.31,38.362
ood__train_fraction_0.02__seed0,>100,768,-70.41,71.319
ood__train_fraction_1.0__seed0,74-100,3481,-27.955,30.559
ood__train_fraction_1.0__seed0,>100,768,-63.826,65.31
random_iid__baseline_0__seed0,<=10,1531,1.56,5.302
random_iid__baseline_0__seed0,10-20,603,2.11,8.535
random_iid__baseline_0__seed0,20-40,692,2.612,11.645
random_iid__baseline_0__seed0,40-74,573,0.781,12.11
random_iid__baseline_0__seed0,74-100,700,-6.011,11.297
random_iid__baseline_0__seed0,>100,154,-6.552,12.576
