condition,feature,std_diff
grouped__input_noise_0.4__seed0,wtd_std_ThermalConductivity,1.035
grouped__input_noise_0.4__seed0,std_ThermalConductivity,0.963
grouped__input_noise_0.4__seed0,range_ThermalConductivity,0.962
grouped__input_noise_0.4__seed0,wtd_mean_Valence,-0.859
grouped__input_noise_0.4__seed0,range_atomic_radius,0.856
grouped__input_noise_0.4__seed0,wtd_std_atomic_radius,0.84
grouped__input_noise_0.4__seed0,mean_Valence,-0.823
grouped__input_noise_0.4__seed0,wtd_gmean_Valence,-0.82
grouped__input_noise_0.4__seed0,std_atomic_radius,0.816
grouped__input_noise_0.4__seed0,wtd_std_fie,0.809
grouped__label_noise_0.4__seed0,gmean_atomic_radius,-0.69
grouped__label_noise_0.4__seed0,wtd_range_Valence,-0.676
grouped__label_noise_0.4__seed0,mean_fie,0.636
grouped__label_noise_0.4__seed0,gmean_Density,-0.596
grouped__label_noise_0.4__seed0,wtd_mean_Valence,-0.592
grouped__label_noise_0.4__seed0,gmean_fie,0.574
grouped__label_noise_0.4__seed0,wtd_mean_fie,0.569
grouped__label_noise_0.4__seed0,mean_Valence,-0.568
grouped__label_noise_0.4__seed0,wtd_gmean_Density,-0.566
grouped__label_noise_0.4__seed0,wtd_gmean_fie,0.566
grouped__missing_frac_0.5__seed0,wtd_std_ThermalConductivity,0.957
grouped__missing_frac_0.5__seed0,range_ThermalConductivity,0.942
grouped__missing_frac_0.5__seed0,std_ThermalConductivity,0.882
grouped__missing_frac_0.5__seed0,wtd_entropy_atomic_mass,0.862
grouped__missing_frac_0.5__seed0,wtd_entropy_Valence,0.848
grouped__missing_frac_0.5__seed0,number_of_elements,0.819
grouped__missing_frac_0.5__seed0,wtd_entropy_FusionHeat,0.817
grouped__missing_frac_0.5__seed0,wtd_mean_Valence,-0.815
grouped__missing_frac_0.5__seed0,range_atomic_radius,0.805
grouped__missing_frac_0.5__seed0,wtd_entropy_atomic_radius,0.799
grouped__train_fraction_0.02__seed0,range_ThermalConductivity,0.964
grouped__train_fraction_0.02__seed0,wtd_std_ThermalConductivity,0.914
grouped__train_fraction_0.02__seed0,std_ThermalConductivity,0.905
grouped__train_fraction_0.02__seed0,wtd_entropy_atomic_mass,0.9
grouped__train_fraction_0.02__seed0,wtd_entropy_FusionHeat,0.852
grouped__train_fraction_0.02__seed0,wtd_entropy_atomic_radius,0.85
grouped__train_fraction_0.02__seed0,wtd_mean_Valence,-0.847
grouped__train_fraction_0.02__seed0,range_atomic_radius,0.844
grouped__train_fraction_0.02__seed0,wtd_std_fie,0.819
grouped__train_fraction_0.02__seed0,wtd_gmean_Valence,-0.817
grouped__train_fraction_1.0__seed0,wtd_range_Valence,-0.7
grouped__train_fraction_1.0__seed0,range_ThermalConductivity,0.666
grouped__train_fraction_1.0__seed0,wtd_mean_Valence,-0.651
grouped__train_fraction_1.0__seed0,mean_ThermalConductivity,0.644
grouped__train_fraction_1.0__seed0,std_ThermalConductivity,0.633
grouped__train_fraction_1.0__seed0,gmean_atomic_radius,-0.632
grouped__train_fraction_1.0__seed0,wtd_gmean_Valence,-0.618
grouped__train_fraction_1.0__seed0,gmean_Density,-0.616
grouped__train_fraction_1.0__seed0,wtd_gmean_Density,-0.606
grouped__train_fraction_1.0__seed0,mean_Valence,-0.605
ood__input_noise_0.4__seed0,range_Density,1.555
ood__input_noise_0.4__seed0,std_Density,1.477
ood__input_noise_0.4__seed0,wtd_gmean_ElectronAffinity,-1.117
ood__input_noise_0.4__seed0,gmean_ElectronAffinity,-1.111
ood__input_noise_0.4__seed0,wtd_std_ElectronAffinity,0.999
ood__input_noise_0.4__seed0,wtd_entropy_ThermalConductivity,0.935
ood__input_noise_0.4__seed0,gmean_fie,0.87
ood__input_noise_0.4__seed0,std_atomic_mass,0.858
ood__input_noise_0.4__seed0,wtd_std_Density,0.832
ood__input_noise_0.4__seed0,mean_Density,0.817
ood__label_noise_0.4__seed0,range_Density,1.58
ood__label_noise_0.4__seed0,std_Density,1.54
ood__label_noise_0.4__seed0,gmean_ElectronAffinity,-1.099
ood__label_noise_0.4__seed0,wtd_std_ElectronAffinity,0.993
ood__label_noise_0.4__seed0,wtd_gmean_ElectronAffinity,-0.938
ood__label_noise_0.4__seed0,std_atomic_mass,0.932
ood__label_noise_0.4__seed0,wtd_std_Density,0.915
ood__label_noise_0.4__seed0,wtd_entropy_ThermalConductivity,0.894
ood__label_noise_0.4__seed0,mean_Density,0.865
ood__label_noise_0.4__seed0,gmean_fie,0.838
ood__missing_frac_0.5__seed0,range_Density,1.599
ood__missing_frac_0.5__seed0,std_Density,1.534
ood__missing_frac_0.5__seed0,gmean_ElectronAffinity,-1.123
ood__missing_frac_0.5__seed0,wtd_gmean_ElectronAffinity,-1.07
ood__missing_frac_0.5__seed0,wtd_std_ElectronAffinity,1.066
ood__missing_frac_0.5__seed0,wtd_entropy_ThermalConductivity,0.945
ood__missing_frac_0.5__seed0,gmean_fie,0.932
ood__missing_frac_0.5__seed0,wtd_std_Density,0.902
ood__missing_frac_0.5__seed0,mean_fie,0.868
ood__missing_frac_0.5__seed0,mean_Density,0.863
ood__train_fraction_0.02__seed0,range_Density,1.477
ood__train_fraction_0.02__seed0,std_Density,1.393
ood__train_fraction_0.02__seed0,wtd_gmean_ElectronAffinity,-1.231
ood__train_fraction_0.02__seed0,wtd_std_ElectronAffinity,1.002
ood__train_fraction_0.02__seed0,wtd_entropy_ThermalConductivity,0.996
ood__train_fraction_0.02__seed0,wtd_mean_ElectronAffinity,-0.977
ood__train_fraction_0.02__seed0,gmean_ElectronAffinity,-0.976
ood__train_fraction_0.02__seed0,wtd_entropy_Valence,0.925
ood__train_fraction_0.02__seed0,wtd_entropy_fie,0.902
ood__train_fraction_0.02__seed0,gmean_fie,0.857
ood__train_fraction_1.0__seed0,range_Density,1.616
ood__train_fraction_1.0__seed0,std_Density,1.576
ood__train_fraction_1.0__seed0,gmean_ElectronAffinity,-1.103
ood__train_fraction_1.0__seed0,wtd_std_ElectronAffinity,1.044
ood__train_fraction_1.0__seed0,std_atomic_mass,0.999
ood__train_fraction_1.0__seed0,wtd_gmean_ElectronAffinity,-0.972
ood__train_fraction_1.0__seed0,wtd_std_Density,0.945
ood__train_fraction_1.0__seed0,wtd_entropy_ThermalConductivity,0.933
ood__train_fraction_1.0__seed0,mean_Density,0.92
ood__train_fraction_1.0__seed0,wtd_entropy_atomic_mass,0.893
random_iid__baseline_0__seed0,range_ThermalConductivity,0.833
random_iid__baseline_0__seed0,wtd_std_ThermalConductivity,0.807
random_iid__baseline_0__seed0,range_atomic_radius,0.799
random_iid__baseline_0__seed0,std_ThermalConductivity,0.797
random_iid__baseline_0__seed0,wtd_mean_Valence,-0.772
random_iid__baseline_0__seed0,wtd_gmean_Valence,-0.751
random_iid__baseline_0__seed0,range_fie,0.744
random_iid__baseline_0__seed0,number_of_elements,0.74
random_iid__baseline_0__seed0,wtd_entropy_Valence,0.731
random_iid__baseline_0__seed0,wtd_entropy_atomic_mass,0.718
