test_row,y_true,y_pred
0,85.0,78.254
1,85.5,77.143
2,11.6,9.197
3,16.0,32.005
4,107.0,107.929
5,10.0,7.298
6,4.6,7.345
7,10.8,9.776
8,11.0,9.97
9,90.8,89.333
10,102.7,102.772
11,1.43,1.469
12,88.0,87.374
13,11.5,11.975
14,80.0,78.085
15,2.0,0.911
16,20.0,45.1
17,93.0,89.015
18,35.0,81.897
19,91.8,88.626
20,8.0,8.093
21,0.748,0.663
22,19.0,19.236
23,30.5,29.944
24,2.47,2.086
25,70.0,47.5
26,15.55,14.959
27,4.45,3.973
28,9.8,8.991
29,27.7,26.77
30,9.0,10.373
31,6.8,7.346
32,15.7,11.842
33,25.0,24.942
34,31.0,27.071
35,72.5,69.006
36,12.2,12.403
37,0.75,0.663
38,14.1,13.97
39,94.0,87.956
40,1.275,3.24
41,9.0,12.492
42,15.6,13.634
43,26.9,21.724
44,5.15,5.237
45,51.0,48.54
46,10.25,9.897
47,27.0,33.818
48,12.1,10.418
49,34.2,52.183
50,37.0,32.977
51,8.0,20.647
52,84.9,78.489
53,77.0,88.882
54,85.0,74.056
55,6.47,7.343
56,0.18,0.19
57,75.0,74.943
58,4.36,4.51
59,58.0,54.435
60,13.9,12.472
61,2.33,2.506
62,18.0,19.101
63,39.2,39.28
64,5.67,5.676
65,7.17,6.674
66,1.02,5.676
67,9.8,9.853
68,29.0,26.37
69,77.0,67.897
70,93.6,91.443
71,20.0,21.931
72,76.2,85.577
73,36.35,33.097
74,4.49,4.065
75,91.0,89.771
76,4.14,5.02
77,96.9,88.613
78,10.6,18.902
79,19.7,49.563
80,85.9,78.713
81,83.0,84.353
82,96.0,94.18
83,6.7,4.204
84,93.7,89.328
85,0.91,3.558
86,30.3,85.559
87,1.38,4.567
88,39.9,40.22
89,13.2,13.732
90,7.3,12.061
91,3.9,3.157
92,107.0,101.626
93,76.2,69.699
94,30.0,23.975
95,3.5,2.652
96,1.63,3.281
97,1.06,0.615
98,19.5,17.772
99,13.7,16.655
100,90.9,91.309
101,43.5,57.196
102,15.32,12.994
103,75.0,49.425
104,73.5,80.761
105,35.0,40.959
106,14.8,7.973
107,10.1,9.219
108,14.0,12.352
109,4.78,5.172
110,4.06,3.911
111,27.0,25.329
112,43.0,61.863
113,19.0,31.432
114,9.1,6.411
115,118.0,94.724
116,12.5,12.258
117,2.49,2.546
118,55.5,67.573
119,71.5,72.137
120,111.0,111.909
121,2.65,4.529
122,30.5,31.904
123,68.3,66.082
124,43.0,32.503
125,58.0,38.271
126,25.2,20.806
127,61.0,73.844
128,2.25,2.386
129,6.0,24.067
130,22.6,12.176
131,6.8,6.575
132,6.2,5.351
133,86.0,54.507
134,16.0,14.86
135,45.0,53.468
136,85.1,81.672
137,93.1,87.761
138,87.0,84.276
139,1.0,2.355
140,2.5,1.895
141,0.65,1.895
142,21.6,40.977
143,3.7,3.566
144,7.83,8.354
145,81.0,77.497
146,24.5,24.605
147,88.4,84.256
148,132.6,132.472
149,85.0,65.217
150,23.0,20.878
151,36.3,24.071
152,21.5,20.84
153,54.0,35.702
154,36.0,53.269
155,72.0,68.509
156,96.0,86.875
157,11.0,10.423
158,2.2,3.459
159,2.04,2.331
160,92.17,89.277
161,32.6,49.362
162,10.0,10.288
163,1.39,2.059
164,16.0,37.419
165,91.0,90.962
166,78.0,70.493
167,49.0,39.362
168,78.0,69.368
169,19.0,18.517
170,11.6,13.843
171,84.5,84.684
172,83.0,87.881
173,2.455,1.897
174,10.96,9.879
175,46.5,45.971
176,15.23,14.717
177,7.2,5.586
178,0.6,2.905
179,56.0,56.666
180,3.64,2.804
181,117.0,107.564
182,70.6,76.945
183,27.1,35.706
184,42.0,62.252
185,4.7,5.248
186,28.5,26.846
187,5.78,5.654
188,3.5,0.897
189,60.0,61.426
190,92.8,70.445
191,15.6,16.167
192,70.0,72.051
193,92.0,62.323
194,87.0,64.408
195,22.9,35.826
196,4.2,4.58
197,34.27,24.726
198,31.0,57.476
199,84.5,83.496
200,7.55,7.533
201,30.4,29.675
202,23.0,19.692
203,5.72,5.628
204,21.6,20.295
205,93.0,92.05
206,28.1,25.85
207,11.7,12.203
208,18.0,49.197
209,0.77,3.019
210,73.0,59.867
211,92.0,83.433
212,14.7,14.01
213,2.87,2.765
214,5.0,21.876
215,21.0,23.45
216,86.4,85.177
217,13.7,59.951
218,0.066,0.075
219,19.9,13.654
220,70.0,75.24
221,1.88,1.956
222,90.0,111.464
223,1.74,1.616
224,130.0,119.483
225,25.0,25.775
226,96.0,71.575
227,3.9,3.671
228,29.5,31.652
229,9.0,10.321
230,1.87,1.787
231,17.2,16.059
232,2.56,2.203
233,65.0,52.4
234,68.4,79.929
235,94.3,87.432
236,25.0,24.746
237,125.0,131.375
238,13.1,9.675
239,24.0,24.546
240,90.6,82.829
241,14.9,13.732
242,17.0,21.59
243,28.0,18.521
244,9.65,9.611
245,2.5,4.771
246,30.0,48.173
247,29.0,30.839
248,8.85,8.979
249,37.0,42.42
250,1.63,2.691
251,92.0,39.245
252,78.7,78.811
253,16.0,16.26
254,92.3,80.412
255,11.4,5.665
256,26.4,19.389
257,7.3,4.091
258,70.0,83.433
259,77.1,82.734
260,1.6,4.306
261,2.6,2.89
262,2.9,2.336
263,3.4,3.695
264,75.0,74.673
265,2.61,2.593
266,1.89,2.202
267,9.0,10.579
268,35.0,37.164
269,17.0,47.361
270,75.0,70.339
271,5.8,4.713
272,121.0,119.273
273,13.7,24.103
274,63.0,85.559
275,91.3,87.301
276,9.5,5.736
277,64.0,61.711
278,12.9,10.136
279,40.0,14.262
280,5.5,7.904
281,30.6,28.243
282,80.0,78.233
283,1.4,4.307
284,17.75,16.656
285,83.0,64.601
286,7.0,3.685
287,0.94,2.123
288,67.5,68.057
289,38.4,22.788
290,95.5,85.559
291,88.0,59.079
292,6.59,5.929
293,91.8,85.559
294,7.007,6.971
295,3.745,4.106
296,40.0,80.057
297,0.12,0.483
298,2.73,2.909
299,0.037,1.185
300,53.0,51.932
301,17.3,15.45
302,22.5,34.169
303,5.71,6.0
304,9.64,8.354
305,27.0,24.977
306,35.5,40.156
307,3.5,3.629
308,78.5,81.369
309,60.0,51.917
310,50.0,53.093
311,21.1,20.145
312,30.0,30.044
313,3.4,5.403
314,1.4,4.171
315,2.865,2.496
316,0.56,3.752
317,58.0,61.978
318,86.0,81.072
319,17.2,18.609
320,17.1,36.625
321,32.5,32.813
322,136.0,124.278
323,13.5,12.631
324,80.4,64.765
325,2.28,2.59
326,93.0,90.409
327,15.0,14.086
328,84.4,85.559
329,5.35,5.104
330,4.0,8.483
331,39.0,50.115
332,51.4,52.107
333,25.0,28.558
334,4.4,2.131
335,13.5,21.451
336,9.5,4.172
337,20.5,23.731
338,63.0,54.194
339,42.0,48.065
340,8.3,4.854
341,1.8,2.697
342,37.0,36.099
343,91.8,89.255
344,0.095,0.185
345,55.0,48.019
346,37.6,39.152
347,40.0,33.465
348,14.4,13.27
349,92.87,84.256
350,134.0,131.98
351,50.6,59.146
352,2.52,2.877
353,39.0,34.3
354,25.2,35.285
355,9.39,2.42
356,0.016,0.029
357,0.81,1.021
358,9.0,11.206
359,78.5,82.734
360,79.0,80.548
361,8.6,2.608
362,91.0,86.827
363,0.84,0.931
364,7.38,9.961
365,3.1,2.696
366,14.0,36.318
367,0.7,0.761
368,80.0,69.516
369,48.4,83.413
370,62.1,52.579
371,2.8,6.286
372,0.39,0.266
373,2.92,7.206
374,4.0,0.483
375,32.0,30.999
376,77.0,71.646
377,2.69,1.22
378,15.7,15.352
379,2.6,2.217
380,4.5,3.6
381,22.6,21.254
382,107.0,89.523
383,14.51,9.873
384,91.5,89.04
385,102.4,95.174
386,0.75,8.744
387,11.8,11.173
388,90.0,83.314
389,86.0,70.279
390,58.8,43.425
391,18.4,18.701
392,2.6,3.857
393,20.0,34.86
394,82.9,86.952
395,118.0,130.592
396,4.1,5.127
397,28.0,28.273
398,53.0,56.507
399,80.0,73.268
400,65.0,62.094
401,61.5,74.247
402,20.0,19.105
403,90.7,82.149
404,8.0,6.782
405,5.0,5.484
406,12.0,38.979
407,30.0,35.843
408,11.6,28.186
409,31.1,26.807
410,73.5,68.695
411,93.0,88.629
412,127.0,121.673
413,5.1,3.882
414,90.0,90.425
415,7.175,7.194
416,2.4,1.882
417,14.0,13.609
418,0.03,1.655
419,0.6,1.96
420,1.77,1.84
421,1.98,3.16
422,18.4,18.549
423,6.0,5.321
424,52.3,54.206
425,32.0,44.495
426,11.0,9.657
427,7.6,7.869
428,13.5,19.389
429,13.5,16.341
430,2.7,14.844
431,87.1,87.411
432,35.0,32.915
433,20.1,21.318
434,7.7,7.902
435,92.0,71.898
436,3.7,5.02
437,1.845,14.818
438,32.3,27.236
439,0.916,1.581
440,14.7,12.956
441,7.6,3.97
442,19.95,15.41
443,17.3,21.905
444,9.0,6.641
445,4.75,10.668
446,16.0,17.563
447,0.115,0.116
448,54.0,51.71
449,25.15,39.353
450,24.0,37.47
451,43.6,44.936
452,94.0,94.083
453,24.0,44.771
454,0.042,0.048
455,108.55,106.348
456,0.11,0.264
457,7.0,10.157
458,63.31,53.751
459,18.5,18.935
460,17.9,15.031
461,94.0,90.543
462,1.92,1.943
463,86.18,85.604
464,10.4,9.571
465,15.9,14.506
466,4.8,5.96
467,5.51,5.342
468,20.3,20.32
469,5.84,17.953
470,18.85,18.983
471,90.58,83.707
472,68.3,71.455
473,10.4,22.949
474,2.0,4.354
475,79.6,76.883
476,25.3,21.481
477,4.38,4.113
478,89.6,90.236
479,28.0,62.272
480,52.5,50.824
481,11.0,10.16
482,53.5,48.993
483,1.5,8.214
484,58.0,65.267
485,5.24,4.922
486,2.51,4.041
487,5.1,6.798
488,8.29,7.426
489,59.0,71.876
490,69.5,67.559
491,128.0,124.604
492,32.5,30.807
493,21.2,21.621
494,9.78,10.626
495,0.172,0.144
496,26.3,21.754
497,4.28,4.654
498,78.0,48.14
499,108.5,105.543
500,11.1,9.776
501,31.1,28.752
502,6.2,5.915
503,7.0,4.227
504,82.0,84.547
505,79.24,63.359
506,1.68,1.633
507,92.0,89.884
508,90.1,73.733
509,55.0,61.73
510,91.1,91.456
511,5.28,12.483
512,73.0,79.918
513,4.65,4.787
514,2.1,2.423
515,23.9,19.981
516,17.81,7.344
517,19.2,21.166
518,0.52,0.897
519,0.7,2.355
520,43.0,37.012
521,15.7,14.959
522,99.0,94.28
523,15.8,15.806
524,7.5,8.034
525,78.0,71.706
526,118.0,103.489
527,46.0,49.162
528,27.0,21.462
529,55.0,77.579
530,16.5,13.221
531,24.2,26.106
532,38.0,33.307
533,33.0,24.248
534,32.0,31.462
535,78.0,75.924
536,22.3,31.904
537,1.25,1.451
538,15.6,15.682
539,27.8,23.88
540,40.0,37.034
541,71.85,72.838
542,1.48,1.512
543,34.0,75.382
544,10.9,10.631
545,13.8,14.72
546,0.75,0.936
547,24.0,18.503
548,18.0,15.113
549,17.0,19.535
550,20.0,18.935
551,2.78,4.404
552,26.85,40.116
553,56.5,62.61
554,42.0,64.022
555,22.5,10.182
556,6.03,6.166
557,3.7,3.284
558,39.0,60.519
559,55.67,59.694
560,2.97,8.321
561,74.0,63.566
562,96.0,87.948
563,45.1,45.41
564,3.91,4.194
565,82.0,63.294
566,55.0,66.635
567,18.0,27.22
568,7.83,4.172
569,4.3,49.256
570,50.0,36.498
571,23.0,20.989
572,35.2,22.927
573,8.5,8.244
574,15.55,11.102
575,23.2,6.751
576,6.2,8.101
577,64.0,65.012
578,41.1,46.028
579,12.3,14.8
580,8.47,13.931
581,36.7,34.516
582,39.0,62.386
583,74.0,63.545
584,26.7,25.424
585,3.94,4.359
586,11.2,10.322
587,29.0,16.599
588,8.26,10.089
589,30.0,34.773
590,2.36,7.491
591,5.25,4.762
592,77.5,62.938
593,44.62,45.352
594,80.5,78.231
595,85.4,83.421
596,45.6,46.489
597,12.0,29.111
598,108.0,87.431
599,55.0,43.71
600,17.4,17.058
601,6.0,6.318
602,37.0,37.435
603,27.5,39.362
604,1.15,1.354
605,55.0,65.569
606,4.81,4.577
607,1.64,1.909
608,1.95,4.821
609,18.05,17.57
610,4.58,5.058
611,6.7,4.933
612,10.2,10.301
613,86.0,91.198
614,16.4,11.576
615,3.74,3.698
616,3.2,3.291
617,5.2,5.237
618,76.0,57.868
619,5.32,5.895
620,7.6,10.301
621,38.05,37.009
622,15.0,31.041
623,111.0,103.316
624,60.0,62.61
625,32.0,38.743
626,5.1,8.438
627,45.4,39.017
628,3.0,4.015
629,2.6,2.198
630,2.8,3.862
631,76.3,81.511
632,1.0,5.005
633,56.0,58.894
634,72.5,78.333
635,10.0,30.062
636,50.0,41.626
637,68.0,86.895
638,2.13,2.015
639,93.0,102.198
640,24.8,23.259
641,26.1,40.913
642,15.0,17.137
643,70.0,69.252
644,4.43,3.944
645,7.4,5.008
646,15.5,14.5
647,8.3,10.052
648,9.6,7.309
649,28.0,20.416
650,58.8,56.727
651,5.11,2.698
652,0.4,0.761
653,6.6,7.832
654,105.3,106.359
655,6.0,5.566
656,72.0,78.791
657,108.0,95.602
658,100.0,102.71
659,16.97,12.116
660,10.8,14.47
661,32.17,32.136
662,70.0,59.8
663,88.6,85.595
664,92.2,91.731
665,15.1,13.765
666,6.1,18.382
667,59.0,69.307
668,1.94,3.241
669,5.36,5.237
670,2.5,8.83
671,45.0,46.731
672,4.1,6.435
673,6.0,5.351
674,5.6,5.246
675,7.6,14.132
676,0.76,2.843
677,3.73,6.274
678,3.935,4.427
679,2.79,6.543
680,7.2,7.58
681,5.0,4.712
682,9.03,8.077
683,12.0,9.626
684,3.0,5.8
685,112.0,77.022
686,1.82,14.32
687,84.0,69.322
688,1.65,1.565
689,22.0,21.274
690,28.0,28.871
691,38.9,34.3
692,5.3,5.586
693,44.0,17.848
694,7.9,23.426
695,1.45,2.95
696,27.6,41.418
697,80.0,77.334
698,57.1,59.431
699,28.5,27.802
700,3.13,1.42
701,58.0,68.762
702,20.46,11.842
703,12.7,10.181
704,9.8,3.107
705,29.5,33.246
706,83.3,83.738
707,30.0,26.807
708,3.35,3.645
709,7.14,4.443
710,3.65,11.757
711,32.0,32.861
712,50.0,45.172
713,95.5,113.393
714,2.06,2.399
715,28.0,26.705
716,17.4,20.611
717,13.5,10.867
718,30.0,26.728
719,5.15,4.893
720,3.3,5.614
721,17.8,16.32
722,9.06,7.02
723,78.0,73.502
724,19.2,9.993
725,92.5,90.618
726,89.5,86.408
727,130.0,126.151
728,24.9,28.846
729,21.7,25.891
730,11.0,11.461
731,96.4,91.456
732,32.0,34.333
733,40.0,36.495
734,28.8,26.709
735,78.0,70.747
736,38.0,26.114
737,34.0,26.531
738,55.0,78.929
739,2.97,3.533
740,2.62,2.659
741,33.6,29.804
742,90.0,39.555
743,8.15,7.592
744,3.47,5.68
745,3.24,3.931
746,35.5,29.486
747,0.133,0.483
748,82.0,78.784
749,2.6,2.973
750,24.9,26.052
751,107.3,97.518
752,93.0,90.367
753,75.0,61.958
754,9.7,10.378
755,2.86,7.908
756,20.0,20.078
757,67.0,69.355
758,31.0,26.949
759,10.0,16.887
760,0.43,0.483
761,34.0,38.514
762,1.84,1.765
763,60.5,59.694
764,75.8,79.575
765,76.0,82.412
766,2.24,2.506
767,20.4,20.396
768,16.8,13.617
769,1.85,3.358
770,8.1,14.195
771,15.4,16.893
772,25.8,33.168
773,81.4,80.839
774,75.3,75.682
775,116.0,101.201
776,16.1,16.726
777,116.3,114.862
778,72.2,65.728
779,21.2,18.448
780,28.0,62.282
781,36.5,41.003
782,1.5,3.414
783,28.0,32.865
784,37.0,33.979
785,35.0,27.198
786,63.5,61.456
787,6.38,5.995
788,2.3,4.3
789,3.0,3.882
790,70.3,59.093
791,19.6,17.772
792,6.9,7.149
793,2.68,2.642
794,6.79,8.609
795,49.8,50.387
796,84.0,71.368
797,79.5,83.76
798,12.1,12.761
799,1.5,33.579
800,1.36,2.912
801,49.0,46.82
802,14.2,13.609
803,109.6,103.324
804,26.0,11.025
805,1.03,3.154
806,7.9,8.576
807,3.25,3.387
808,133.12,132.472
809,86.0,85.77
810,73.0,72.732
811,22.1,19.761
812,80.5,83.32
813,14.0,47.776
814,2.15,2.198
815,87.8,85.559
816,43.0,64.575
817,55.4,66.989
818,22.9,23.669
819,2.3,4.088
820,16.4,25.817
821,83.6,69.398
822,88.0,85.559
823,43.2,39.282
824,30.0,36.827
825,14.7,15.1
826,1.56,1.503
827,11.5,11.272
828,1.3,3.928
829,22.0,17.367
830,2.64,2.744
831,24.0,26.865
832,2.51,3.834
833,71.3,87.214
834,81.8,92.416
835,0.43,0.442
836,82.0,81.911
837,84.0,77.935
838,41.0,6.459
839,0.48,2.995
840,37.58,36.649
841,0.41,2.058
842,5.2,6.197
843,1.55,1.482
844,0.4,0.365
845,19.1,18.854
846,3.76,3.83
847,2.46,4.858
848,45.3,35.34
849,44.9,48.938
850,18.5,17.193
851,2.74,4.177
852,13.0,8.501
853,3.59,3.696
854,76.0,70.515
855,29.4,30.219
856,5.2,6.083
857,16.5,15.411
858,127.0,119.519
859,25.0,78.489
860,106.0,94.787
861,82.0,63.8
862,0.2,2.673
863,15.0,11.686
864,0.35,0.844
865,23.81,23.258
866,3.1,3.742
867,22.6,20.017
868,4.15,4.308
869,19.8,17.448
870,38.0,33.358
871,71.0,82.284
872,105.0,106.359
873,8.4,7.978
874,67.1,64.813
875,1.6,2.292
876,16.5,14.012
877,2.8,3.207
878,110.0,107.674
879,18.0,39.629
880,1.6,4.22
881,37.0,35.129
882,8.6,3.412
883,12.2,14.469
884,44.0,54.251
885,3.642,3.124
886,79.6,79.839
887,9.26,8.987
888,0.788,4.884
889,6.1,5.919
890,24.0,50.989
891,1.6,3.041
892,85.0,81.872
893,4.4,7.66
894,0.94,3.26
895,3.275,3.698
896,92.12,85.559
897,74.0,72.599
898,7.1,6.782
899,11.0,10.686
900,1.7,3.419
901,6.3,4.855
902,1.45,1.278
903,59.0,55.29
904,1.26,2.083
905,0.026,0.032
906,1.9,2.594
907,89.3,89.557
908,18.7,28.086
909,4.7,2.541
910,31.6,34.898
911,15.9,14.717
912,5.1,5.327
913,12.0,13.204
914,3.5,4.256
915,10.95,10.322
916,17.11,16.811
917,32.0,30.434
918,76.8,79.487
919,1.9,23.53
920,32.0,30.219
921,10.4,7.985
922,5.0,5.919
923,105.0,67.253
924,6.9,6.118
925,85.6,89.741
926,52.0,29.237
927,38.0,35.649
928,3.2,2.652
929,24.0,28.296
930,4.32,4.375
931,12.5,13.672
932,9.16,8.91
933,3.19,2.482
934,17.3,38.837
935,6.4,8.262
936,17.6,15.755
937,29.5,29.251
938,6.5,11.011
939,52.5,44.317
940,32.9,24.105
941,2.76,2.824
942,2.9,4.715
943,2.2,2.922
944,5.1,3.19
945,7.6,7.978
946,0.48,2.316
947,2.6,5.828
948,25.0,21.161
949,10.1,7.679
950,91.9,91.443
951,64.0,73.842
952,2.65,7.919
953,104.0,106.359
954,71.0,63.354
955,38.0,54.221
956,51.9,61.134
957,4.21,3.753
958,81.2,78.203
959,24.1,55.031
960,10.5,11.034
961,13.0,19.717
962,14.1,9.855
963,86.5,85.665
964,1.7,4.251
965,1.07,3.442
966,18.5,22.482
967,16.5,15.806
968,0.58,4.714
969,91.7,54.9
970,14.05,10.704
971,88.0,78.489
972,8.72,12.733
973,12.3,11.949
974,26.1,32.525
975,76.0,71.999
976,13.0,16.655
977,3.26,2.514
978,38.0,43.518
979,110.0,112.295
980,2.6,3.638
981,80.0,93.73
982,16.9,18.199
983,70.6,70.841
984,8.9,10.873
985,91.09,83.984
986,8.0,7.864
987,2.1,3.594
988,89.0,82.27
989,68.5,61.22
990,84.1,75.509
991,33.0,27.81
992,1.31,1.594
993,23.8,20.098
994,17.9,19.843
995,2.9,4.43
996,105.1,103.388
997,2.04,2.574
998,12.9,14.026
999,3.0,4.543
1000,12.6,11.535
1001,2.8,6.286
1002,15.8,18.287
1003,81.0,85.959
1004,84.5,61.9
1005,86.9,82.83
1006,85.0,106.359
1007,88.0,84.727
1008,60.0,93.346
1009,20.5,24.038
1010,13.9,19.664
1011,1.3,0.581
1012,30.0,39.054
1013,21.5,47.311
1014,7.21,7.59
1015,18.3,17.453
1016,2.9,5.151
1017,3.5,4.462
1018,30.1,24.354
1019,86.7,76.246
1020,31.7,36.177
1021,2.6,2.897
1022,38.7,29.483
1023,30.0,39.188
1024,4.91,4.696
1025,15.0,15.285
1026,4.44,5.912
1027,65.3,67.032
1028,5.2,4.006
1029,43.5,54.937
1030,45.0,42.753
1031,19.2,19.75
1032,20.0,19.808
1033,3.25,3.919
1034,8.8,8.354
1035,21.0,21.446
1036,9.3,6.297
1037,78.6,85.559
1038,74.0,80.482
1039,4.4,16.937
1040,69.3,67.78
1041,7.91,7.857
1042,47.0,48.569
1043,106.01,107.051
1044,59.0,58.675
1045,4.115,4.063
1046,0.48,0.557
1047,2.34,5.498
1048,86.3,73.128
1049,57.0,46.834
1050,90.0,91.078
1051,12.0,11.452
1052,70.8,66.124
1053,68.0,61.948
1054,5.2,6.829
1055,11.5,14.5
1056,1.25,1.12
1057,86.3,87.013
1058,1.66,2.314
1059,26.0,23.259
1060,84.0,79.227
1061,11.2,7.985
1062,13.0,13.789
1063,75.75,77.931
1064,75.0,78.897
1065,60.0,41.949
1066,3.795,6.522
1067,72.0,73.084
1068,125.0,119.273
1069,70.0,72.099
1070,5.7,6.241
1071,12.0,12.28
1072,1.09,0.864
1073,96.1,89.972
1074,15.0,31.243
1075,8.3,11.864
1076,74.0,68.906
1077,11.3,12.048
1078,67.04,57.63
1079,119.0,78.265
1080,11.7,10.67
1081,2.29,2.189
1082,3.938,3.827
1083,1.41,2.531
1084,58.8,55.039
1085,0.262,0.957
1086,36.9,53.433
1087,73.5,78.239
1088,43.1,46.419
1089,3.722,4.106
1090,1.7,2.823
1091,0.97,0.871
1092,5.8,6.822
1093,89.8,85.559
1094,0.001,10.355
1095,1.0,12.469
1096,1.44,1.694
1097,83.3,83.642
1098,0.145,0.144
1099,8.3,18.349
1100,64.0,73.379
1101,92.0,89.805
1102,83.3,80.609
1103,59.0,57.219
1104,4.6,4.457
1105,16.0,16.325
1106,2.2,3.951
1107,102.0,106.359
1108,4.3,4.609
1109,34.5,23.72
1110,78.0,79.992
1111,31.0,38.741
1112,73.0,80.736
1113,84.0,87.731
1114,87.6,74.475
1115,1.16,1.437
1116,23.2,20.685
1117,0.1,0.12
1118,75.0,66.885
1119,13.0,1.463
1120,41.5,10.668
1121,14.7,37.499
1122,7.1,7.923
1123,1.061,5.75
1124,122.5,119.273
1125,21.3,19.889
1126,5.2,5.381
1127,67.0,67.758
1128,4.3,7.386
1129,4.4,1.885
1130,21.8,21.854
1131,4.227,4.39
1132,94.0,101.417
1133,7.2,6.829
1134,52.0,40.281
1135,72.9,84.784
1136,7.1,6.999
1137,1.3,3.649
1138,4.5,11.983
1139,9.67,8.92
1140,36.0,35.929
1141,2.85,3.481
1142,11.5,7.744
1143,41.0,32.323
1144,15.0,18.935
1145,41.0,47.898
1146,23.5,35.397
1147,1.3,6.966
1148,38.0,38.49
1149,94.0,85.716
1150,3.734,4.106
1151,83.0,82.734
1152,18.5,18.555
1153,6.3,7.647
1154,24.2,22.927
1155,103.0,116.787
1156,3.7,3.943
1157,85.0,80.71
1158,3.9,3.731
1159,93.0,89.723
1160,68.2,89.14
1161,4.35,4.943
1162,0.72,3.868
1163,2.4,3.335
1164,4.0,14.077
1165,54.1,43.425
1166,45.0,58.886
1167,37.0,34.28
1168,5.3,4.984
1169,58.0,57.333
1170,102.0,99.386
1171,19.0,16.15
1172,89.1,77.796
1173,41.0,73.599
1174,4.3,4.616
1175,4.0,2.565
1176,6.855,4.808
1177,9.25,8.91
1178,36.0,43.949
1179,6.51,5.14
1180,17.8,17.912
1181,11.45,7.544
1182,16.3,14.34
1183,1.8,2.128
1184,79.0,77.84
1185,10.1,8.351
1186,87.0,64.639
1187,6.4,5.808
1188,6.5,6.664
1189,45.0,66.778
1190,3.24,3.875
1191,33.0,36.656
1192,85.0,58.909
1193,2.22,4.043
1194,27.0,39.786
1195,85.23,74.994
1196,106.7,119.676
1197,38.8,39.163
1198,17.0,10.371
1199,86.0,87.761
1200,13.8,13.464
1201,107.5,108.042
1202,87.8,83.228
1203,89.2,86.73
1204,2.92,3.944
1205,99.25,54.807
1206,11.0,14.894
1207,2.7,4.54
1208,2.04,6.078
1209,43.5,44.931
1210,74.07,71.822
1211,3.7,3.512
1212,75.0,78.489
1213,3.6,4.102
1214,91.0,78.68
1215,87.0,76.348
1216,14.1,16.486
1217,40.0,71.407
1218,3.27,3.1
1219,4.25,4.508
1220,32.0,28.424
1221,2.5,18.136
1222,3.5,9.007
1223,2.76,4.485
1224,28.0,65.903
1225,14.8,13.765
1226,85.1,62.345
1227,91.5,91.078
1228,2.3,3.279
1229,5.4,5.919
1230,9.6,6.168
1231,28.1,21.708
1232,34.0,31.832
1233,76.15,75.152
1234,8.0,8.572
1235,0.55,0.156
1236,6.93,6.649
1237,6.23,5.915
1238,47.6,47.614
1239,0.47,1.731
1240,50.0,38.115
1241,8.5,6.965
1242,65.0,40.461
1243,22.4,22.803
1244,7.42,7.427
1245,3.744,4.106
1246,128.0,128.579
1247,13.0,11.686
1248,88.4,78.239
1249,37.0,57.42
1250,22.1,45.518
1251,85.5,83.489
1252,17.0,16.758
1253,21.0,14.601
1254,5.2,10.196
1255,3.1,6.609
1256,27.0,40.345
1257,117.5,111.857
1258,9.0,7.864
1259,78.0,80.169
1260,88.8,86.884
1261,0.9,1.206
1262,26.0,79.187
1263,116.0,108.9
1264,91.7,74.294
1265,24.0,37.685
1266,69.4,81.689
1267,37.9,48.168
1268,43.25,46.832
1269,6.09,6.166
1270,41.0,39.362
1271,68.6,66.947
1272,10.5,10.653
1273,20.0,26.106
1274,3.67,3.85
1275,88.0,80.795
1276,11.5,12.492
1277,75.0,59.092
1278,51.0,57.219
1279,4.11,5.014
1280,4.3,3.233
1281,87.99,86.175
1282,4.91,2.575
1283,33.0,41.381
1284,76.7,69.046
1285,29.0,27.81
1286,91.0,87.761
1287,7.92,9.526
1288,34.9,33.834
1289,83.0,71.991
1290,2.18,2.191
1291,21.8,13.704
1292,135.0,119.341
1293,4.46,4.106
1294,6.36,6.041
1295,110.0,92.174
1296,3.28,2.982
1297,28.7,31.375
1298,83.0,85.143
1299,43.0,26.517
1300,90.0,91.164
1301,18.6,13.963
1302,7.8,8.864
1303,88.0,79.133
1304,21.0,27.861
1305,14.0,14.658
1306,2.9,2.715
1307,25.0,27.982
1308,92.0,90.499
1309,9.71,8.91
1310,134.0,126.151
1311,1.04,2.58
1312,0.6,0.994
1313,47.0,49.275
1314,88.5,85.559
1315,1.65,2.086
1316,24.1,18.582
1317,1.67,1.283
1318,82.4,71.187
1319,9.3,4.63
1320,0.087,0.18
1321,35.2,26.631
1322,1.86,6.866
1323,31.0,32.236
1324,29.5,28.456
1325,90.0,91.443
1326,38.0,28.401
1327,16.6,11.366
1328,50.0,8.973
1329,34.8,29.68
1330,53.4,45.294
1331,3.46,3.512
1332,87.0,84.357
1333,6.41,7.633
1334,1.95,2.216
1335,10.2,16.888
1336,106.5,96.103
1337,10.4,12.802
1338,5.0,36.363
1339,85.0,57.219
1340,28.7,29.173
1341,30.0,56.894
1342,82.7,81.763
1343,9.7,9.131
1344,43.5,52.107
1345,64.6,65.311
1346,20.7,18.935
1347,75.0,67.639
1348,63.5,63.477
1349,16.6,21.402
1350,17.0,16.892
1351,22.7,20.762
1352,45.0,66.855
1353,58.0,52.043
1354,25.0,56.986
1355,1.66,2.265
1356,3.8,2.292
1357,23.0,20.078
1358,91.1,88.336
1359,2.2,3.434
1360,10.65,8.467
1361,1.5,6.186
1362,1.647,1.592
1363,8.0,22.086
1364,3.0,2.978
1365,65.0,71.378
1366,4.8,4.261
1367,21.0,24.819
1368,92.5,108.192
1369,3.2,2.882
1370,1.93,3.165
1371,103.0,75.123
1372,36.0,36.843
1373,21.6,20.762
1374,83.0,67.684
1375,30.0,28.249
1376,7.2,11.452
1377,11.6,11.712
1378,68.0,67.281
1379,82.0,82.061
1380,16.6,17.306
1381,87.0,74.395
1382,0.96,2.056
1383,96.0,92.129
1384,61.5,66.747
1385,2.25,2.022
1386,5.94,6.026
1387,20.5,23.259
1388,5.3,3.995
1389,2.2,1.866
1390,17.9,25.106
1391,64.0,64.319
1392,6.72,6.249
1393,4.0,6.407
1394,46.0,45.793
1395,30.5,34.436
1396,4.4,14.299
1397,0.69,1.661
1398,10.2,8.468
1399,37.0,33.307
1400,2.9,16.599
1401,3.0,2.428
1402,6.73,6.657
1403,73.8,62.555
1404,23.0,29.344
1405,68.0,53.921
1406,7.0,6.971
1407,2.7,1.977
1408,78.8,60.033
1409,53.0,38.602
1410,13.8,14.959
1411,18.0,79.209
1412,19.5,19.119
1413,9.5,7.388
1414,2.0,8.588
1415,64.7,91.12
1416,1.86,2.533
1417,2.11,1.369
1418,34.0,19.761
1419,100.0,102.467
1420,44.0,40.467
1421,2.32,3.901
1422,7.4,6.578
1423,18.5,17.102
1424,3.1,4.168
1425,36.0,44.404
1426,3.8,4.57
1427,77.2,71.629
1428,16.5,13.948
1429,19.09,11.842
1430,8.99,8.627
1431,0.7,1.104
1432,0.18,0.441
1433,63.2,63.184
1434,3.7,2.853
1435,27.9,27.112
1436,47.0,46.426
1437,102.5,97.247
1438,15.7,19.389
1439,2.1,1.885
1440,7.6,8.555
1441,98.3,88.814
1442,9.6,10.874
1443,16.9,17.453
1444,62.0,78.239
1445,40.2,36.625
1446,5.32,5.436
1447,7.28,6.368
1448,10.35,8.498
1449,90.8,91.027
1450,72.0,53.944
1451,29.5,27.013
1452,87.0,86.146
1453,88.0,71.297
1454,5.0,10.943
1455,40.0,52.233
1456,91.2,84.256
1457,20.2,23.552
1458,7.5,5.665
1459,90.5,89.968
1460,77.0,81.519
1461,4.0,3.591
1462,44.4,82.898
1463,30.0,66.405
1464,55.0,52.213
1465,32.0,23.975
1466,1.5,9.776
1467,35.45,34.3
1468,7.2,7.725
1469,82.1,75.478
1470,4.8,4.302
1471,11.4,11.829
1472,60.5,72.579
1473,11.0,11.509
1474,37.0,32.323
1475,28.4,19.57
1476,17.2,19.128
1477,90.0,78.209
1478,35.0,33.49
1479,0.8,12.655
1480,11.0,11.303
1481,6.25,6.254
1482,22.0,39.274
1483,3.5,34.41
1484,0.072,0.444
1485,11.6,7.188
1486,84.7,75.076
1487,1.9,1.846
1488,19.8,18.865
1489,4.1,3.95
1490,16.5,11.652
1491,1.7,6.625
1492,21.0,23.732
1493,15.2,12.478
1494,45.0,28.752
1495,24.2,27.181
1496,15.6,13.931
1497,1.71,1.823
1498,28.0,31.904
1499,107.6,98.372
1500,50.0,45.52
1501,120.0,109.495
1502,0.05,0.259
1503,7.8,6.9
1504,36.9,34.784
1505,41.8,48.473
1506,25.0,27.477
1507,2.16,2.193
1508,14.7,11.092
1509,83.0,75.763
1510,9.81,16.756
1511,6.5,13.295
1512,8.43,7.66
1513,0.067,0.062
1514,91.0,90.384
1515,86.0,77.185
1516,98.45,93.671
1517,40.0,31.769
1518,7.4,10.083
1519,113.0,110.774
1520,105.0,102.71
1521,60.0,59.096
1522,91.5,84.274
1523,37.0,23.291
1524,28.0,27.321
1525,84.5,84.599
1526,3.6,3.818
1527,0.66,5.725
1528,0.79,0.871
1529,1.98,3.592
1530,93.2,88.452
1531,55.0,58.979
1532,33.0,32.617
1533,8.8,15.206
1534,110.0,73.465
1535,84.5,80.431
1536,45.4,60.897
1537,55.1,39.282
1538,12.7,11.452
1539,9.8,9.809
1540,0.076,0.146
1541,92.0,90.236
1542,2.5,3.998
1543,74.2,71.36
1544,10.0,8.614
1545,35.0,44.823
1546,6.5,11.846
1547,3.8,3.599
1548,13.9,12.778
1549,81.0,88.964
1550,35.8,34.008
1551,4.5,5.371
1552,33.3,35.186
1553,8.4,7.992
1554,38.4,37.637
1555,37.1,34.3
1556,7.5,7.426
1557,5.8,3.891
1558,83.0,84.59
1559,64.5,79.094
1560,91.1,84.256
1561,3.49,15.788
1562,0.93,10.489
1563,13.9,15.862
1564,4.505,5.567
1565,23.0,28.622
1566,0.055,0.072
1567,8.9,11.268
1568,4.15,4.065
1569,29.3,23.745
1570,108.55,107.731
1571,84.0,57.219
1572,10.3,9.897
1573,45.0,55.028
1574,32.0,37.543
1575,9.6,15.457
1576,82.0,79.69
1577,73.4,73.572
1578,5.98,5.743
1579,11.8,10.402
1580,29.0,29.0
1581,2.79,2.799
1582,50.0,62.386
1583,26.05,41.713
1584,7.77,8.376
1585,40.9,40.025
1586,3.06,3.232
1587,7.0,19.487
1588,7.89,6.452
1589,18.3,16.044
1590,13.4,14.828
1591,106.0,102.878
1592,11.2,9.784
1593,18.6,18.935
1594,2.7,3.686
1595,5.93,5.854
1596,32.0,39.341
1597,105.3,93.512
1598,3.94,4.062
1599,28.0,24.046
1600,14.6,15.742
1601,3.67,3.776
1602,6.0,7.149
1603,22.9,26.566
1604,28.6,55.17
1605,105.5,99.184
1606,65.0,73.426
1607,1.5,1.682
1608,91.0,92.1
1609,17.0,21.365
1610,3.2,3.856
1611,108.0,106.359
1612,7.85,7.393
1613,3.1,3.355
1614,13.35,11.819
1615,27.1,26.741
1616,9.0,5.277
1617,2.4,3.575
1618,3.1,16.811
1619,24.0,89.5
1620,60.8,56.927
1621,3.32,4.235
1622,73.3,82.275
1623,17.0,15.313
1624,0.024,0.032
1625,96.0,86.65
1626,57.0,53.554
1627,12.0,8.081
1628,12.6,13.429
1629,9.8,8.555
1630,15.0,17.739
1631,25.0,9.14
1632,1.09,1.331
1633,32.8,42.847
1634,5.8,9.292
1635,3.51,4.559
1636,3.5,3.604
1637,83.0,59.891
1638,47.0,54.533
1639,26.0,48.918
1640,4.0,4.124
1641,3.7,4.162
1642,110.0,101.095
1643,77.2,68.328
1644,90.6,82.745
1645,0.3,2.775
1646,80.0,83.433
1647,24.0,21.951
1648,16.0,20.059
1649,6.8,12.623
1650,4.9,4.154
1651,9.8,14.713
1652,5.4,10.668
1653,26.0,20.052
1654,74.2,84.547
1655,50.0,54.69
1656,14.7,8.061
1657,66.0,55.456
1658,6.64,6.726
1659,84.1,74.189
1660,31.0,32.443
1661,40.4,37.26
1662,3.59,3.542
1663,44.0,60.897
1664,2.8,6.428
1665,6.12,6.159
1666,51.4,59.219
1667,9.0,10.124
1668,18.05,17.453
1669,6.2,2.685
1670,4.7,4.105
1671,107.0,106.082
1672,69.3,68.506
1673,90.5,102.593
1674,77.7,78.784
1675,48.0,55.64
1676,25.4,28.243
1677,0.58,0.483
1678,65.0,55.908
1679,11.75,11.728
1680,11.3,13.142
1681,6.6,13.07
1682,100.0,83.421
1683,50.0,50.772
1684,30.3,23.466
1685,87.0,80.077
1686,0.21,0.65
1687,22.1,30.133
1688,136.0,116.005
1689,64.0,60.706
1690,2.98,3.126
1691,85.0,80.117
1692,11.2,10.744
1693,87.5,68.391
1694,1.8,3.061
1695,2.9,3.041
1696,18.1,15.849
1697,5.57,5.42
1698,27.57,28.456
1699,4.1,5.201
1700,100.0,89.715
1701,28.0,27.81
1702,60.6,59.686
1703,7.62,6.503
1704,30.0,64.809
1705,18.1,31.953
1706,4.08,3.654
1707,68.0,52.093
1708,79.7,78.784
1709,89.0,78.489
1710,50.8,61.31
1711,15.8,13.985
1712,2.71,2.745
1713,15.0,14.123
1714,11.9,34.45
1715,17.5,15.17
1716,55.5,58.842
1717,2.5,3.072
1718,5.8,4.789
1719,8.0,12.777
1720,35.0,28.195
1721,38.6,43.855
1722,35.0,24.265
1723,30.0,56.829
1724,5.0,6.38
1725,45.0,40.959
1726,57.0,52.174
1727,1.95,2.118
1728,88.3,79.792
1729,0.71,2.552
1730,3.85,3.957
1731,2.5,3.021
1732,6.5,3.646
1733,63.7,57.768
1734,36.3,33.011
1735,3.02,3.157
1736,4.81,3.767
1737,3.45,5.883
1738,5.4,6.173
1739,3.4,3.609
1740,0.02,0.308
1741,15.4,14.959
1742,2.7,2.925
1743,84.0,85.559
1744,0.085,0.483
1745,0.1,12.26
1746,20.3,13.565
1747,0.58,3.088
1748,1.82,2.191
1749,1.9,1.862
1750,15.1,9.401
1751,3.5,4.865
1752,38.3,35.654
1753,69.0,56.203
1754,37.0,51.458
1755,7.84,7.181
1756,3.57,3.83
1757,27.0,27.944
1758,7.0,4.094
1759,7.97,11.1
1760,94.3,85.559
1761,34.0,33.321
1762,2.25,2.189
1763,9.65,9.404
1764,77.1,73.003
1765,79.0,80.92
1766,4.83,5.321
1767,24.86,24.709
1768,82.0,72.011
1769,112.0,107.731
1770,10.75,10.384
1771,68.0,79.513
1772,6.36,6.306
1773,86.0,91.512
1774,24.0,63.323
1775,5.1,5.484
1776,1.9,2.529
1777,90.0,88.126
1778,2.56,3.196
1779,35.0,36.301
1780,19.3,29.72
1781,92.0,56.48
1782,2.12,1.927
1783,81.0,72.573
1784,2.0,10.668
1785,17.832,17.453
1786,104.0,96.827
1787,62.0,68.328
1788,94.0,83.601
1789,10.4,8.843
1790,28.5,29.529
1791,40.0,57.219
1792,5.6,5.269
1793,16.0,58.258
1794,3.77,5.766
1795,4.12,3.953
1796,1.56,3.495
1797,89.4,87.214
1798,18.6,19.178
1799,0.1,0.235
1800,44.0,28.577
1801,4.227,4.667
1802,110.0,114.815
1803,76.0,68.035
1804,6.3,30.356
1805,70.0,85.542
1806,78.5,47.747
1807,23.9,21.961
1808,84.0,87.97
1809,40.0,78.506
1810,4.49,4.333
1811,25.1,28.913
1812,26.9,26.4
1813,83.0,82.017
1814,93.4,86.866
1815,67.0,106.558
1816,4.7,3.377
1817,1.48,1.751
1818,70.0,58.519
1819,0.429,0.753
1820,90.53,82.026
1821,5.94,7.585
1822,105.0,103.419
1823,0.57,3.043
1824,29.5,31.904
1825,60.0,55.069
1826,125.0,111.909
1827,92.0,78.743
1828,53.0,54.956
1829,2.74,5.081
1830,14.3,13.807
1831,109.0,106.082
1832,73.0,65.286
1833,86.0,78.672
1834,2.13,2.292
1835,93.0,87.03
1836,79.0,78.713
1837,13.9,16.948
1838,92.6,80.332
1839,19.0,30.14
1840,65.3,70.17
1841,19.1,18.721
1842,1.73,1.948
1843,0.71,0.717
1844,16.5,24.067
1845,14.0,8.732
1846,11.9,12.171
1847,6.0,6.026
1848,16.8,16.312
1849,41.0,51.781
1850,9.7,6.459
1851,60.7,77.497
1852,93.0,76.021
1853,45.0,67.83
1854,84.8,83.821
1855,58.9,66.214
1856,45.3,41.067
1857,48.0,50.582
1858,9.1,21.951
1859,18.0,33.921
1860,12.1,12.761
1861,21.0,23.648
1862,1.14,1.22
1863,94.0,100.711
1864,2.08,15.236
1865,22.0,47.563
1866,58.0,62.61
1867,17.8,25.592
1868,1.5,1.915
1869,2.14,2.25
1870,7.214,7.34
1871,9.5,9.417
1872,79.0,79.839
1873,25.0,33.389
1874,11.0,19.788
1875,117.0,117.423
1876,2.9,2.401
1877,92.2,86.418
1878,11.0,10.123
1879,2.85,2.734
1880,9.4,26.264
1881,73.3,67.366
1882,50.0,48.274
1883,16.8,18.812
1884,38.0,30.771
1885,79.5,79.929
1886,4.08,4.392
1887,64.0,81.395
1888,26.0,50.816
1889,0.51,0.99
1890,90.0,84.246
1891,2.3,3.353
1892,1.43,2.024
1893,27.0,41.112
1894,90.2,89.277
1895,1.9,1.368
1896,6.2,5.917
1897,55.0,48.979
1898,18.0,12.25
1899,6.01,5.799
1900,60.0,52.752
1901,82.0,82.544
1902,32.0,32.394
1903,89.8,90.916
1904,77.0,75.024
1905,0.8,1.41
1906,69.5,71.53
1907,12.9,18.517
1908,3.62,3.447
1909,16.0,24.067
1910,20.5,19.389
1911,18.6,22.446
1912,17.82,17.512
1913,5.74,6.738
1914,17.5,13.836
1915,35.0,72.501
1916,54.0,52.645
1917,4.7,4.044
1918,74.0,76.664
1919,2.8,9.726
1920,10.1,11.957
1921,13.0,25.565
1922,78.0,85.015
1923,9.3,7.853
1924,6.25,5.457
1925,6.26,15.414
1926,3.75,3.725
1927,4.15,6.621
1928,0.932,1.704
1929,56.0,56.725
1930,10.9,9.324
1931,18.3,16.478
1932,44.0,34.263
1933,6.9,7.479
1934,5.42,5.801
1935,98.0,79.187
1936,63.32,64.483
1937,87.0,90.701
1938,7.2,6.782
1939,32.6,31.904
1940,18.75,20.84
1941,7.0,7.092
1942,1.35,2.775
1943,26.2,19.602
1944,81.0,83.55
1945,81.0,78.494
1946,22.0,20.078
1947,64.0,67.114
1948,4.83,4.637
1949,7.8,8.405
1950,6.35,5.468
1951,73.0,61.912
1952,81.0,84.256
1953,119.95,119.604
1954,2.9,2.328
1955,2.252,3.139
1956,79.7,78.688
1957,90.7,84.256
1958,27.0,33.756
1959,2.3,2.674
1960,1.4,4.019
1961,122.0,123.597
1962,92.9,81.013
1963,2.295,3.282
1964,12.7,14.792
1965,9.9,17.234
1966,91.0,82.207
1967,3.38,4.606
1968,88.5,91.945
1969,85.9,85.2
1970,76.5,79.487
1971,64.3,65.365
1972,1.46,2.661
1973,73.0,71.369
1974,107.0,105.153
1975,11.4,4.912
1976,80.5,79.36
1977,90.5,87.559
1978,44.9,55.316
1979,45.3,34.3
1980,0.35,0.712
1981,5.3,8.882
1982,15.0,23.115
1983,1.7,0.126
1984,29.0,55.709
1985,89.1,87.84
1986,41.0,34.263
1987,6.3,8.049
1988,4.17,4.722
1989,83.2,84.116
1990,0.14,1.239
1991,106.35,106.331
1992,6.0,10.887
1993,48.0,44.417
1994,62.0,41.526
1995,38.0,34.3
1996,4.64,4.336
1997,8.68,7.02
1998,80.0,88.629
1999,85.8,77.127
2000,37.0,67.045
2001,8.76,8.487
2002,6.5,6.824
2003,15.3,59.951
2004,20.0,24.688
2005,43.8,61.645
2006,70.0,66.435
2007,93.9,91.703
2008,5.2,17.711
2009,4.18,5.686
2010,9.46,10.265
2011,9.4,6.377
2012,5.77,3.593
2013,55.0,70.153
2014,17.7,14.008
2015,86.6,81.141
2016,120.0,111.111
2017,12.2,5.01
2018,9.1,6.566
2019,78.2,73.785
2020,0.57,1.527
2021,27.0,27.81
2022,16.8,13.555
2023,2.4,1.313
2024,37.5,34.3
2025,83.0,78.897
2026,21.8,29.047
2027,32.0,29.128
2028,88.5,82.627
2029,2.8,2.187
2030,50.0,43.572
2031,45.2,76.883
2032,40.0,33.448
2033,64.0,67.358
2034,106.95,104.349
2035,90.2,84.256
2036,19.0,24.819
2037,3.16,3.115
2038,7.51,6.692
2039,3.7,3.767
2040,12.6,16.957
2041,5.98,11.725
2042,85.0,83.369
2043,19.9,19.75
2044,41.5,54.736
2045,21.0,22.238
2046,66.6,67.998
2047,93.8,92.111
2048,7.64,7.267
2049,8.05,8.062
2050,91.5,33.914
2051,131.0,120.092
2052,92.0,78.239
2053,2.08,2.338
2054,1.8,5.346
2055,66.0,78.858
2056,29.1,27.982
2057,61.1,62.495
2058,88.0,80.412
2059,11.0,13.48
2060,7.0,18.43
2061,92.4,88.964
2062,80.0,64.249
2063,29.7,45.801
2064,6.8,6.806
2065,5.72,5.19
2066,19.0,16.396
2067,53.8,31.828
2068,16.2,24.067
2069,58.5,41.672
2070,4.05,11.842
2071,68.0,57.361
2072,91.7,80.833
2073,36.0,28.222
2074,21.0,25.85
2075,21.87,21.061
2076,1.89,3.09
2077,95.3,83.328
2078,4.8,3.207
2079,55.0,48.476
2080,18.4,17.525
2081,0.05,0.109
2082,7.5,9.321
2083,86.0,66.43
2084,92.0,90.35
2085,8.45,5.75
2086,4.13,4.062
2087,1.57,4.301
2088,8.4,7.904
2089,2.05,23.788
2090,57.7,46.951
2091,1.17,3.771
2092,52.0,55.238
2093,3.26,4.178
2094,34.0,77.154
2095,3.5,3.234
2096,93.0,93.375
2097,9.86,23.48
2098,83.0,81.07
2099,76.0,60.135
2100,82.0,74.776
2101,2.8,2.96
2102,36.4,37.442
2103,23.0,20.098
2104,16.4,30.219
2105,4.6,7.261
2106,90.0,73.881
2107,60.7,62.388
2108,113.0,100.313
2109,12.9,7.842
2110,7.8,3.97
2111,88.6,81.039
2112,55.6,44.012
2113,88.2,83.494
2114,5.75,5.048
2115,12.0,11.439
2116,89.0,81.106
2117,5.1,4.642
2118,32.0,37.316
2119,91.4,89.255
2120,134.0,129.758
2121,16.12,14.622
2122,16.5,18.933
2123,29.0,27.665
2124,2.455,4.671
2125,1.7,3.228
2126,1.9,3.608
2127,84.0,76.241
2128,83.3,84.727
2129,108.0,108.209
2130,0.104,0.12
2131,38.0,34.927
2132,31.3,18.213
2133,2.35,3.434
2134,79.2,48.803
2135,92.9,78.561
2136,16.8,17.786
2137,33.0,31.765
2138,12.8,16.75
2139,16.3,11.214
2140,82.0,79.584
2141,2.3,8.035
2142,2.66,2.752
2143,91.2,89.255
2144,29.0,27.944
2145,3.76,3.74
2146,85.4,85.143
2147,111.0,103.344
2148,2.09,2.501
2149,41.0,70.562
2150,2.4,3.544
2151,87.9,84.785
2152,1.74,2.953
2153,23.7,39.492
2154,72.0,73.474
2155,25.7,31.275
2156,55.0,47.25
2157,11.1,13.836
2158,21.0,54.404
2159,19.0,19.692
2160,4.5,8.355
2161,83.2,82.734
2162,93.2,90.502
2163,14.8,20.835
2164,72.0,72.081
2165,28.8,31.108
2166,6.49,6.497
2167,47.0,65.446
2168,37.75,36.818
2169,76.0,68.503
2170,20.0,27.967
2171,7.42,6.746
2172,1.1,2.951
2173,106.0,102.71
2174,90.0,90.886
2175,9.8,9.759
2176,46.4,42.249
2177,118.0,116.569
2178,11.85,10.747
2179,91.1,83.433
2180,14.9,12.275
2181,4.8,3.754
2182,49.0,45.906
2183,2.02,2.087
2184,16.0,20.844
2185,77.3,71.295
2186,8.1,6.449
2187,3.76,6.267
2188,8.3,8.307
2189,12.5,13.931
2190,116.3,113.467
2191,7.15,7.084
2192,70.5,72.066
2193,63.0,55.29
2194,78.0,80.584
2195,4.1,5.01
2196,63.6,84.268
2197,3.52,3.045
2198,6.8,6.763
2199,10.0,23.27
2200,10.0,33.204
2201,4.51,4.382
2202,18.9,20.214
2203,10.8,10.23
2204,8.13,36.625
2205,45.1,51.833
2206,89.0,74.247
2207,81.0,53.421
2208,33.0,30.367
2209,18.0,28.392
2210,11.6,18.856
2211,2.68,2.665
2212,0.4,31.299
2213,25.0,73.812
2214,41.0,50.703
2215,37.0,38.108
2216,8.2,10.887
2217,5.0,4.183
2218,14.91,14.959
2219,73.0,75.682
2220,2.15,2.138
2221,85.0,83.919
2222,16.7,16.758
2223,3.1,3.486
2224,23.0,25.541
2225,11.0,11.912
2226,8.01,20.864
2227,30.1,16.793
2228,24.0,23.288
2229,43.0,55.895
2230,47.0,32.488
2231,17.9,22.732
2232,63.0,72.591
2233,7.0,9.821
2234,0.36,0.642
2235,1.85,1.862
2236,78.6,79.304
2237,36.2,20.873
2238,20.0,26.03
2239,113.4,112.577
2240,79.1,75.757
2241,92.0,60.332
2242,9.95,9.552
2243,13.7,13.149
2244,37.2,35.884
2245,85.0,78.891
2246,110.0,90.839
2247,85.8,79.667
2248,5.0,8.066
2249,83.0,77.185
2250,20.7,8.751
2251,4.8,5.236
2252,5.2,5.035
2253,3.732,4.106
2254,14.2,11.865
2255,89.7,86.729
2256,38.0,16.604
2257,4.5,4.138
2258,2.23,3.901
2259,40.0,57.438
2260,92.0,76.769
2261,81.0,58.728
2262,8.0,8.1
2263,6.29,6.274
2264,3.92,3.665
2265,3.57,4.389
2266,25.0,36.892
2267,0.31,3.529
2268,15.0,14.697
2269,2.4,5.466
2270,71.5,67.045
2271,86.0,77.547
2272,65.0,62.138
2273,76.0,64.785
2274,3.4,3.599
2275,31.47,26.636
2276,4.2,4.708
2277,42.0,34.3
2278,73.6,69.894
2279,30.8,22.661
2280,45.7,56.397
2281,90.5,83.681
2282,7.2,6.924
2283,0.155,2.4
2284,6.2,6.752
2285,14.0,15.663
2286,30.0,35.248
2287,19.2,18.879
2288,15.1,14.876
2289,51.5,80.332
2290,0.68,3.121
2291,2.31,8.226
2292,17.8,17.414
2293,6.7,4.993
2294,18.3,18.721
2295,26.25,26.589
2296,38.5,35.853
2297,16.6,21.317
2298,16.1,19.144
2299,20.0,18.933
2300,103.0,104.877
2301,17.4,61.807
2302,35.0,47.273
2303,1.36,2.526
2304,87.0,82.016
2305,4.9,5.186
2306,1.79,1.84
2307,2.4,3.402
2308,1.3,6.238
2309,81.8,65.042
2310,8.545,20.992
2311,18.0,19.425
2312,17.5,20.687
2313,2.4,2.33
2314,87.1,67.187
2315,36.5,36.625
2316,85.1,81.429
2317,8.8,8.91
2318,60.0,70.03
2319,21.4,25.992
2320,26.2,27.349
2321,0.1,30.562
2322,9.2,8.353
2323,67.0,71.387
2324,8.76,8.927
2325,11.3,10.981
2326,96.1,90.061
2327,90.0,89.968
2328,4.9,5.348
2329,73.2,71.822
2330,32.2,37.508
2331,5.0,5.104
2332,7.05,10.711
2333,88.0,84.412
2334,0.168,0.204
2335,10.2,13.593
2336,1.17,4.427
2337,4.52,4.622
2338,33.8,52.183
2339,8.0,80.519
2340,58.4,85.559
2341,4.38,5.121
2342,0.185,0.773
2343,2.7,2.951
2344,80.0,37.75
2345,18.0,17.761
2346,2.87,6.126
2347,4.76,4.78
2348,38.0,56.048
2349,86.2,83.655
2350,6.1,7.149
2351,1.7,0.917
2352,17.0,60.805
2353,92.7,85.559
2354,13.6,14.136
2355,133.5,126.151
2356,77.8,78.239
2357,68.0,66.101
2358,5.85,4.412
2359,2.32,2.824
2360,0.043,0.049
2361,8.1,4.461
2362,5.9,7.343
2363,55.0,78.858
2364,11.3,18.349
2365,96.0,95.524
2366,0.3,0.483
2367,69.8,66.345
2368,84.0,83.235
2369,22.0,26.354
2370,0.51,0.663
2371,18.0,19.447
2372,2.3,2.082
2373,68.0,68.569
2374,0.954,1.483
2375,52.6,36.05
2376,1.8,2.258
2377,2.05,4.907
2378,91.0,84.256
2379,18.3,17.102
2380,88.0,81.956
2381,19.0,28.606
2382,54.8,47.91
2383,25.5,27.449
2384,90.85,85.559
2385,76.8,78.601
2386,7.28,7.278
2387,5.41,5.177
2388,86.8,85.192
2389,49.0,34.516
2390,2.2,4.966
2391,3.43,3.389
2392,78.0,75.28
2393,6.32,6.274
2394,2.2,5.174
2395,8.6,8.8
2396,81.8,78.784
2397,54.0,54.985
2398,130.0,129.82
2399,4.7,8.76
2400,3.45,3.3
2401,4.1,3.85
2402,24.0,31.129
2403,29.05,15.457
2404,103.5,91.94
2405,82.0,63.793
2406,1.55,10.609
2407,2.945,2.888
2408,8.95,7.628
2409,30.0,27.12
2410,10.0,9.01
2411,70.0,70.934
2412,0.038,0.139
2413,58.0,65.354
2414,90.95,88.079
2415,15.0,15.806
2416,73.0,61.971
2417,4.16,3.178
2418,4.0,21.546
2419,0.84,6.715
2420,85.5,68.672
2421,75.5,48.698
2422,82.0,69.008
2423,81.0,72.1
2424,18.6,10.677
2425,37.0,34.241
2426,2.89,3.908
2427,6.05,7.591
2428,3.01,3.617
2429,9.01,4.329
2430,41.9,44.29
2431,3.72,3.279
2432,16.1,23.994
2433,15.2,13.678
2434,1.04,3.751
2435,82.0,70.545
2436,20.0,12.293
2437,2.58,2.509
2438,0.028,0.046
2439,8.25,8.153
2440,92.4,84.246
2441,27.89,34.433
2442,19.5,20.572
2443,87.0,74.249
2444,9.4,9.571
2445,85.0,77.277
2446,63.0,63.217
2447,0.98,1.03
2448,7.9,7.34
2449,9.8,8.785
2450,50.9,60.776
2451,3.54,3.556
2452,6.26,6.376
2453,81.0,66.206
2454,6.7,10.487
2455,0.2,39.833
2456,86.9,81.024
2457,58.9,64.483
2458,1.79,2.0
2459,41.26,38.388
2460,110.0,107.873
2461,28.0,23.453
2462,79.8,78.354
2463,20.0,27.474
2464,31.4,33.756
2465,83.3,86.884
2466,89.0,76.156
2467,21.2,20.503
2468,24.0,30.306
2469,33.0,32.912
2470,4.7,4.493
2471,89.1,82.993
2472,29.0,29.804
2473,92.0,74.46
2474,32.0,28.589
2475,9.82,11.145
2476,13.0,38.045
2477,4.1,4.101
2478,7.5,6.944
2479,77.3,75.61
2480,16.0,17.13
2481,9.7,6.921
2482,6.5,5.229
2483,54.3,57.95
2484,25.0,28.622
2485,11.1,9.395
2486,22.2,27.438
2487,45.2,37.249
2488,11.0,27.538
2489,16.4,15.766
2490,60.9,64.287
2491,113.5,96.453
2492,4.64,4.479
2493,9.09,5.675
2494,97.5,91.316
2495,1.4,1.925
2496,32.5,29.724
2497,0.1,0.602
2498,51.0,50.081
2499,85.0,77.95
2500,14.6,14.883
2501,3.409,3.609
2502,67.4,86.58
2503,10.3,8.799
2504,5.5,6.14
2505,4.109,3.795
2506,60.5,71.477
2507,40.0,44.638
2508,0.83,0.597
2509,1.21,2.985
2510,71.0,56.088
2511,49.0,39.282
2512,9.4,9.611
2513,17.0,7.331
2514,1.6,4.515
2515,86.6,83.496
2516,75.0,58.646
2517,98.0,95.602
2518,3.3,4.573
2519,3.37,4.295
2520,24.7,25.915
2521,24.0,28.622
2522,24.0,43.224
2523,8.83,6.693
2524,4.5,4.496
2525,32.8,32.636
2526,83.0,72.264
2527,71.9,25.051
2528,116.0,125.313
2529,5.6,9.907
2530,11.0,10.121
2531,63.5,48.123
2532,89.0,80.942
2533,2.52,2.198
2534,29.0,31.38
2535,3.5,4.086
2536,25.9,27.855
2537,59.7,47.962
2538,80.3,84.276
2539,43.9,45.878
2540,36.48,43.119
2541,16.2,14.27
2542,12.0,10.728
2543,0.048,10.348
2544,60.6,56.966
2545,75.455,69.225
2546,80.0,74.447
2547,7.25,4.854
2548,5.9,9.687
2549,23.5,17.907
2550,6.0,6.24
2551,52.6,41.202
2552,2.7,2.705
2553,89.0,86.462
2554,10.5,10.657
2555,3.2,1.22
2556,32.0,43.063
2557,0.001,0.042
2558,5.4,7.88
2559,3.0,3.722
2560,85.0,88.964
2561,43.0,34.3
2562,25.4,39.505
2563,40.0,39.465
2564,20.4,25.601
2565,34.0,27.401
2566,3.65,16.602
2567,82.5,75.618
2568,13.2,48.869
2569,85.0,82.399
2570,15.8,15.695
2571,7.3,10.589
2572,2.66,2.577
2573,6.17,5.915
2574,1.94,2.75
2575,93.7,91.188
2576,1.2,1.759
2577,48.0,75.119
2578,90.6,88.075
2579,0.9,1.22
2580,31.8,29.561
2581,91.0,90.991
2582,5.4,5.237
2583,87.5,76.342
2584,5.1,4.776
2585,28.9,24.307
2586,8.0,9.321
2587,0.64,2.062
2588,4.0,14.431
2589,78.0,74.25
2590,20.0,30.315
2591,41.2,36.177
2592,7.8,8.403
2593,50.33,78.489
2594,1.51,2.591
2595,12.6,12.359
2596,1.98,1.906
2597,9.5,11.968
2598,118.0,114.815
2599,92.83,85.559
2600,25.0,33.292
2601,34.0,31.904
2602,9.1,8.991
2603,16.1,26.1
2604,25.0,40.299
2605,25.0,25.032
2606,18.6,18.726
2607,90.4,78.489
2608,23.1,19.849
2609,0.4,0.52
2610,107.5,107.991
2611,37.5,54.958
2612,10.0,25.999
2613,8.0,7.046
2614,1.2,0.581
2615,87.0,82.947
2616,17.0,25.067
2617,72.0,68.738
2618,16.45,39.362
2619,47.8,44.903
2620,28.0,26.589
2621,50.0,46.731
2622,3.35,3.735
2623,10.8,10.89
2624,19.8,28.779
2625,80.0,80.33
2626,95.0,92.679
2627,51.0,47.296
2628,49.0,65.434
2629,4.96,7.735
2630,21.9,31.649
2631,2.99,4.474
2632,0.1,0.238
2633,20.0,21.833
2634,62.6,63.956
2635,0.45,5.394
2636,20.0,23.168
2637,77.0,68.917
2638,77.0,77.057
2639,43.3,40.447
2640,55.0,68.873
2641,5.523,6.192
2642,91.8,90.795
2643,60.0,49.527
2644,53.75,59.877
2645,25.5,39.235
2646,5.52,3.978
2647,98.5,97.766
2648,0.035,0.459
2649,6.6,5.644
2650,94.1,86.267
2651,2.68,2.566
2652,75.6,71.822
2653,6.2,5.641
2654,3.0,2.511
2655,93.75,88.683
2656,9.8,11.053
2657,1.17,1.277
2658,63.6,52.743
2659,29.0,27.477
2660,82.0,78.858
2661,80.0,73.909
2662,75.0,75.156
2663,82.0,81.106
2664,73.0,66.726
2665,7.73,20.559
2666,2.7,10.332
2667,0.94,1.001
2668,36.7,39.362
2669,29.5,21.791
2670,11.76,9.979
2671,1.86,13.068
2672,16.35,15.806
2673,21.2,19.456
2674,20.5,32.553
2675,37.4,42.018
2676,23.5,24.819
2677,1.697,2.048
2678,86.5,87.763
2679,4.93,4.448
2680,80.6,73.128
2681,29.4,25.429
2682,90.5,91.865
2683,0.025,0.319
2684,6.7,12.483
2685,1.89,1.977
2686,27.0,26.798
2687,13.6,9.727
2688,79.0,71.418
2689,33.0,27.288
2690,16.1,16.304
2691,2.7,4.354
2692,9.9,9.226
2693,14.0,14.327
2694,81.0,62.011
2695,12.2,23.003
2696,2.4,8.652
2697,126.9,120.102
2698,9.3,20.827
2699,15.5,18.933
2700,7.28,21.274
2701,7.0,7.958
2702,93.5,85.441
2703,2.13,2.108
2704,1.4,1.037
2705,133.6,109.358
2706,36.7,34.3
2707,76.0,79.757
2708,56.3,66.214
2709,75.0,88.572
2710,8.96,8.618
2711,22.0,22.991
2712,23.5,18.933
2713,2.34,2.426
2714,5.54,10.589
2715,105.1,104.544
2716,75.0,58.378
2717,2.25,3.434
2718,6.88,6.769
2719,44.0,47.427
2720,117.0,113.704
2721,3.809,4.106
2722,9.4,10.235
2723,6.2,6.467
2724,22.4,12.57
2725,53.1,58.563
2726,10.3,10.582
2727,8.7,11.034
2728,82.1,71.583
2729,66.0,59.344
2730,90.0,84.755
2731,47.8,30.726
2732,20.9,21.836
2733,10.6,10.766
2734,84.7,76.565
2735,5.9,3.593
2736,130.0,138.414
2737,45.6,40.546
2738,55.0,57.081
2739,66.0,64.29
2740,1.4,9.479
2741,84.5,53.426
2742,10.8,9.177
2743,10.6,11.594
2744,95.0,91.443
2745,39.0,60.85
2746,6.38,6.264
2747,9.5,4.396
2748,39.5,36.625
2749,93.0,86.38
2750,93.5,89.813
2751,11.8,10.657
2752,28.0,33.307
2753,32.0,33.168
2754,70.0,84.718
2755,73.7,72.649
2756,0.54,0.5
2757,69.5,76.423
2758,41.0,38.96
2759,0.22,0.229
2760,31.0,48.698
2761,8.8,12.797
2762,32.8,38.537
2763,7.11,7.742
2764,61.0,49.87
2765,80.0,73.502
2766,30.5,30.12
2767,8.0,4.517
2768,2.3,4.257
2769,18.0,14.839
2770,1.468,1.865
2771,69.5,67.783
2772,15.2,14.448
2773,1.773,1.582
2774,46.0,56.944
2775,30.4,29.807
2776,23.0,35.252
2777,8.28,9.979
2778,75.0,83.71
2779,8.9,8.813
2780,2.55,2.198
2781,22.0,29.899
2782,94.0,90.022
2783,2.4,3.084
2784,13.0,14.071
2785,57.0,71.295
2786,11.9,11.112
2787,4.2,3.671
2788,37.0,33.236
2789,3.83,4.781
2790,1.11,9.285
2791,34.7,32.912
2792,10.0,60.872
2793,8.77,8.129
2794,11.2,10.703
2795,42.0,42.495
2796,2.1,2.863
2797,105.0,98.718
2798,6.95,7.043
2799,80.0,76.021
2800,4.21,14.916
2801,41.2,57.558
2802,7.0,4.517
2803,3.2,4.116
2804,54.9,55.597
2805,92.0,89.197
2806,3.45,3.852
2807,17.0,20.946
2808,13.0,28.928
2809,85.5,84.124
2810,0.102,0.11
2811,28.0,46.732
2812,7.8,4.368
2813,5.5,6.411
2814,30.0,85.702
2815,4.2,3.084
2816,48.0,49.563
2817,60.0,90.061
2818,69.1,69.012
2819,72.5,60.564
2820,36.0,27.558
2821,4.0,3.455
2822,11.2,8.348
2823,84.2,82.096
2824,7.45,6.181
2825,2.68,4.645
2826,65.9,69.075
2827,3.8,3.439
2828,0.22,0.198
2829,4.0,7.472
2830,1.06,0.864
2831,3.0,3.541
2832,1.83,2.818
2833,89.2,85.604
2834,7.1,5.835
2835,0.9,1.394
2836,2.3,1.895
2837,5.9,7.691
2838,64.5,64.483
2839,3.34,2.28
2840,78.0,66.104
2841,52.6,36.93
2842,4.58,5.839
2843,3.02,3.904
2844,77.0,65.1
2845,75.0,63.932
2846,93.4,80.07
2847,30.82,30.593
2848,28.6,30.36
2849,50.0,58.005
2850,5.1,5.103
2851,40.0,32.668
2852,81.0,89.901
2853,38.0,28.996
2854,110.0,109.278
2855,34.7,35.754
2856,90.0,83.087
2857,79.1,84.274
2858,79.4,52.784
2859,5.8,27.805
2860,48.0,49.018
2861,27.1,26.566
2862,6.62,6.649
2863,38.0,37.185
2864,9.0,10.026
2865,34.0,31.729
2866,0.25,0.221
2867,10.7,10.015
2868,7.52,5.643
2869,2.2,2.488
2870,37.4,36.721
2871,0.88,2.895
2872,92.3,70.051
2873,70.0,44.823
2874,40.7,42.366
2875,63.5,69.885
2876,31.1,26.113
2877,82.0,74.974
2878,17.3,15.465
2879,1.653,1.327
2880,1.74,7.146
2881,91.1,85.015
2882,6.0,19.887
2883,2.84,2.631
2884,49.0,50.667
2885,2.4,2.497
2886,91.9,87.096
2887,7.0,9.61
2888,1.445,1.52
2889,37.0,37.82
2890,40.5,47.161
2891,32.0,28.732
2892,24.0,20.69
2893,80.31,71.566
2894,86.3,74.324
2895,32.0,34.784
2896,22.3,20.762
2897,73.0,72.524
2898,3.965,5.278
2899,18.19,17.3
2900,3.3,3.157
2901,6.76,6.086
2902,25.0,19.426
2903,14.0,56.151
2904,10.9,6.706
2905,3.5,3.567
2906,94.0,92.353
2907,20.0,22.966
2908,0.59,0.826
2909,86.5,87.72
2910,1.7,1.876
2911,2.98,3.062
2912,83.5,47.388
2913,66.0,58.871
2914,3.09,3.387
2915,0.763,1.628
2916,20.2,21.008
2917,92.3,89.118
2918,93.8,90.236
2919,2.5,6.209
2920,72.9,78.784
2921,0.85,1.351
2922,8.77,8.311
2923,34.3,20.289
2924,87.5,86.519
2925,82.8,80.143
2926,110.0,97.074
2927,60.0,49.362
2928,4.28,4.545
2929,0.46,0.684
2930,33.5,47.939
2931,1.57,1.915
2932,63.0,78.239
2933,4.25,4.811
2934,63.0,74.325
2935,110.0,105.981
2936,94.0,79.129
2937,2.4,4.372
2938,4.36,2.013
2939,7.061,6.94
2940,27.0,22.49
2941,10.74,8.679
2942,2.5,3.468
2943,2.84,2.934
2944,35.9,55.082
2945,73.0,88.388
2946,132.0,128.003
2947,57.1,52.176
2948,1.38,2.572
2949,90.8,91.12
2950,62.0,78.784
2951,4.55,7.862
2952,43.0,45.056
2953,14.5,7.973
2954,9.1,9.01
2955,1.77,1.678
2956,7.4,7.455
2957,90.4,87.743
2958,12.3,12.255
2959,89.8,43.979
2960,0.8,10.714
2961,19.8,25.043
2962,65.0,45.29
2963,62.0,6.173
2964,79.89,70.93
2965,14.1,15.379
2966,104.0,84.357
2967,2.44,2.708
2968,1.278,1.64
2969,1.8,1.55
2970,6.62,5.309
2971,51.0,54.332
2972,2.18,1.672
2973,0.3,5.599
2974,60.0,39.152
2975,70.4,65.172
2976,38.0,31.869
2977,0.15,0.49
2978,3.75,4.516
2979,2.0,0.994
2980,2.49,5.675
2981,88.0,66.599
2982,1.0,4.253
2983,1.6,3.357
2984,11.8,10.385
2985,123.6,117.013
2986,38.0,25.354
2987,2.86,4.223
2988,0.45,3.413
2989,1.85,3.752
2990,38.0,37.328
2991,34.0,37.341
2992,32.1,30.794
2993,4.86,5.614
2994,9.2,11.123
2995,92.1,91.078
2996,32.8,24.548
2997,41.5,45.563
2998,70.5,64.773
2999,132.0,132.472
3000,10.0,11.033
3001,55.0,93.375
3002,75.0,75.18
3003,8.3,8.859
3004,62.5,46.662
3005,14.3,11.898
3006,4.0,3.816
3007,6.8,6.221
3008,2.89,3.592
3009,11.2,9.776
3010,9.4,10.224
3011,16.9,16.59
3012,24.0,23.15
3013,36.0,34.3
3014,15.0,33.818
3015,80.0,74.905
3016,28.6,32.241
3017,90.0,87.761
3018,38.5,35.946
3019,22.0,28.306
3020,39.0,46.531
3021,11.6,14.952
3022,36.1,36.839
3023,0.023,0.055
3024,80.0,79.187
3025,14.55,12.585
3026,14.5,10.547
3027,31.0,32.203
3028,6.99,9.546
3029,15.4,11.699
3030,0.75,1.433
3031,90.4,70.445
3032,15.8,12.188
3033,24.5,25.839
3034,13.6,18.384
3035,29.0,25.85
3036,4.4,4.069
3037,0.89,1.194
3038,36.0,30.449
3039,15.8,17.173
3040,4.301,4.364
3041,2.8,7.167
3042,86.0,77.18
3043,29.2,22.978
3044,34.1,51.538
3045,8.5,16.314
3046,3.8,2.472
3047,3.14,4.486
3048,90.0,91.731
3049,1.402,2.177
3050,76.8,74.222
3051,3.33,3.627
3052,35.5,34.3
3053,5.31,5.368
3054,5.3,5.19
3055,74.1,75.397
3056,4.87,25.869
3057,2.0,6.782
3058,5.24,4.95
3059,37.5,36.843
3060,3.55,5.058
3061,0.05,0.079
3062,40.6,35.501
3063,1.378,1.611
3064,19.8,20.027
3065,26.0,27.81
3066,13.5,15.82
3067,6.62,10.079
3068,2.24,2.189
3069,30.5,29.804
3070,16.0,13.793
3071,31.3,31.666
3072,11.4,19.389
3073,3.89,3.644
3074,67.9,70.75
3075,103.1,102.71
3076,70.0,47.271
3077,11.8,9.952
3078,1.52,2.075
3079,89.7,85.559
3080,3.73,3.945
3081,95.0,92.364
3082,131.4,128.384
3083,77.5,84.8
3084,31.0,32.92
3085,2.85,2.259
3086,32.3,31.672
3087,100.0,77.834
3088,87.5,75.11
3089,35.0,78.673
3090,4.59,5.768
3091,18.5,19.984
3092,50.0,51.1
3093,12.3,11.912
3094,1.6,1.895
3095,14.6,14.045
3096,30.0,34.344
3097,31.3,27.071
3098,0.06,0.12
3099,79.0,93.649
3100,3.07,5.75
3101,100.0,107.589
3102,104.95,104.068
3103,0.37,1.28
3104,91.0,85.559
3105,48.9,77.082
3106,19.1,18.612
3107,31.35,29.133
3108,77.8,76.944
3109,1.39,2.481
3110,74.6,50.955
3111,88.9,87.217
3112,80.0,92.53
3113,53.0,48.54
3114,1.165,1.2
3115,70.1,69.419
3116,64.9,61.852
3117,70.0,70.648
3118,90.0,84.15
3119,107.0,107.666
3120,1.78,1.862
3121,80.0,78.858
3122,23.0,26.771
3123,41.0,40.098
3124,5.0,4.218
3125,47.0,53.457
3126,2.4,6.289
3127,3.3,2.696
3128,6.66,6.308
3129,28.0,32.323
3130,7.2,6.017
3131,1.76,1.604
3132,49.3,57.977
3133,88.3,87.751
3134,6.9,11.621
3135,30.4,29.313
3136,9.45,9.054
3137,7.1,6.094
3138,9.0,9.362
3139,6.0,12.456
3140,27.4,27.717
3141,8.0,5.986
3142,2.1,2.327
3143,56.0,36.951
3144,3.74,5.439
3145,21.3,21.89
3146,4.35,5.151
3147,78.0,71.695
3148,2.33,2.218
3149,91.3,85.292
3150,29.3,34.273
3151,16.35,14.211
3152,8.58,5.37
3153,17.7,18.904
3154,75.6,80.12
3155,18.16,17.761
3156,49.0,49.018
3157,1.4,2.101
3158,6.0,10.322
3159,4.43,4.364
3160,85.0,84.637
3161,48.0,40.165
3162,2.95,3.153
3163,18.0,34.653
3164,25.6,28.766
3165,4.31,5.424
3166,18.3,16.32
3167,65.0,79.891
3168,58.9,56.203
3169,70.0,90.977
3170,15.7,14.627
3171,115.3,114.521
3172,0.8,6.142
3173,77.2,75.745
3174,5.35,5.798
3175,26.2,20.762
3176,14.68,13.669
3177,9.7,8.981
3178,80.0,61.981
3179,91.5,84.256
3180,91.0,79.94
3181,5.55,3.641
3182,34.6,39.356
3183,35.5,37.875
3184,28.5,20.82
3185,20.0,57.928
3186,88.0,87.48
3187,72.0,44.637
3188,52.0,56.399
3189,6.06,5.614
3190,50.0,84.021
3191,3.1,5.662
3192,84.7,84.45
3193,13.5,18.058
3194,0.66,0.874
3195,0.22,9.176
3196,62.1,70.768
3197,37.78,34.784
3198,3.85,2.013
3199,5.61,4.723
3200,14.5,13.732
3201,16.6,16.758
3202,7.52,10.254
3203,116.0,119.273
3204,72.0,57.219
3205,29.0,18.952
3206,30.5,26.843
3207,15.2,14.924
3208,0.6,0.684
3209,1.02,1.3
3210,8.7,7.149
3211,1.45,2.377
3212,34.4,32.145
3213,6.7,6.971
3214,5.52,5.086
3215,5.9,35.494
3216,52.2,64.679
3217,20.9,20.762
3218,6.0,5.919
3219,81.8,80.228
3220,60.0,49.813
3221,24.0,29.342
3222,17.9,16.655
3223,37.2,37.632
3224,83.1,82.734
3225,0.49,2.102
3226,12.8,17.9
3227,13.0,20.146
3228,30.5,26.846
3229,40.0,39.804
3230,71.0,79.252
3231,20.0,19.916
3232,52.2,62.823
3233,82.0,72.637
3234,64.6,75.843
3235,13.45,12.287
3236,60.0,59.728
3237,6.6,2.559
3238,21.0,9.292
3239,1.9,1.942
3240,84.2,80.118
3241,63.38,49.203
3242,36.0,31.904
3243,45.0,64.43
3244,1.695,2.43
3245,1.2,5.053
3246,7.1,6.452
3247,45.0,53.705
3248,4.463,4.364
3249,16.3,14.229
3250,3.0,3.096
3251,89.5,82.487
3252,1.57,1.47
3253,26.0,20.929
3254,17.0,12.296
3255,11.48,11.272
3256,68.6,67.911
3257,78.0,75.644
3258,18.0,16.196
3259,28.0,28.008
3260,4.5,6.129
3261,3.4,7.796
3262,2.82,3.936
3263,30.0,60.378
3264,15.6,13.138
3265,14.5,8.695
3266,1.12,5.181
3267,101.0,100.46
3268,81.4,80.295
3269,0.394,2.226
3270,43.3,39.47
3271,25.0,11.461
3272,19.45,19.814
3273,3.34,5.675
3274,46.8,42.351
3275,17.6,17.73
3276,6.8,5.208
3277,12.8,12.166
3278,36.5,33.307
3279,19.8,10.779
3280,2.86,2.834
3281,118.5,119.604
3282,11.08,9.776
3283,4.2,5.456
3284,36.9,30.326
3285,4.3,4.124
3286,91.0,90.539
3287,54.6,49.33
3288,36.9,33.059
3289,45.0,48.945
3290,23.9,12.296
3291,35.9,32.654
3292,19.0,22.051
3293,10.0,56.413
3294,89.0,58.066
3295,84.3,80.38
3296,12.1,12.631
3297,79.5,75.885
3298,3.83,3.983
3299,5.95,13.099
3300,0.68,4.583
3301,3.8,4.034
3302,0.2,4.354
3303,15.0,14.613
3304,91.7,92.364
3305,3.9,4.216
3306,91.0,53.503
3307,89.8,88.524
3308,70.0,66.936
3309,94.5,66.106
3310,62.0,28.659
3311,35.0,28.672
3312,18.0,23.318
3313,7.15,6.928
3314,84.0,76.801
3315,0.32,2.355
3316,20.0,20.45
3317,7.17,7.194
3318,18.8,14.091
3319,87.7,85.157
3320,53.0,45.714
3321,13.8,7.544
3322,6.41,5.468
3323,13.7,14.72
3324,1.61,1.592
3325,22.0,14.859
3326,71.0,86.128
3327,97.0,84.256
3328,11.0,10.698
3329,113.0,91.832
3330,12.7,11.004
3331,2.8,3.125
3332,80.0,75.064
3333,13.8,13.609
3334,76.0,70.688
3335,11.7,14.781
3336,83.0,67.187
3337,74.0,78.239
3338,7.9,7.429
3339,82.0,71.819
3340,16.3,16.686
3341,83.0,65.135
3342,6.84,6.432
3343,25.0,17.314
3344,15.0,14.959
3345,73.0,83.228
3346,112.0,106.882
3347,16.0,17.603
3348,4.0,4.069
3349,80.5,78.239
3350,91.3,83.078
3351,26.0,26.764
3352,70.3,54.891
3353,11.43,10.121
3354,7.18,5.285
3355,38.1,33.307
3356,27.7,29.981
3357,107.0,108.056
3358,4.78,4.561
3359,31.4,40.025
3360,0.125,0.188
3361,11.25,10.245
3362,30.6,31.746
3363,67.5,74.503
3364,2.7,2.828
3365,1.25,2.103
3366,13.5,22.419
3367,4.643,4.344
3368,65.5,67.045
3369,64.3,74.356
3370,74.0,88.514
3371,31.5,40.565
3372,6.0,9.491
3373,8.65,8.373
3374,0.032,0.109
3375,3.342,11.842
3376,35.0,68.455
3377,14.1,14.742
3378,0.071,0.238
3379,28.0,37.685
3380,81.0,77.305
3381,1.5,1.68
3382,33.2,41.735
3383,7.5,6.37
3384,2.2,8.555
3385,15.6,16.32
3386,25.8,17.776
3387,69.2,83.421
3388,5.6,5.298
3389,70.0,53.931
3390,0.2,1.47
3391,57.0,64.805
3392,107.05,106.421
3393,11.0,10.112
3394,1.48,1.973
3395,14.125,12.416
3396,1.64,1.908
3397,17.0,14.207
3398,17.22,11.347
3399,58.1,55.265
3400,13.9,13.955
3401,0.75,6.954
3402,92.85,84.344
3403,72.5,63.286
3404,2.7,2.918
3405,23.1,21.771
3406,6.8,4.718
3407,4.2,1.966
3408,9.8,12.793
3409,52.8,64.074
3410,47.2,55.107
3411,66.0,49.548
3412,80.0,81.699
3413,17.6,59.951
3414,117.0,88.621
3415,1.69,1.787
3416,89.66,85.559
3417,90.0,71.406
3418,37.0,22.308
3419,3.71,4.106
3420,40.0,42.372
3421,13.0,11.025
3422,3.5,3.223
3423,26.0,23.907
3424,1.65,2.907
3425,72.0,76.348
3426,33.15,28.854
3427,2.9,2.567
3428,23.0,38.763
3429,4.52,4.136
3430,1.75,3.457
3431,71.0,62.809
3432,8.5,6.471
3433,0.68,0.727
3434,1.71,1.773
3435,29.0,15.422
3436,35.5,36.839
3437,9.86,8.602
3438,39.3,35.407
3439,19.7,20.394
3440,30.0,39.043
3441,70.0,67.808
3442,14.4,11.214
3443,85.0,79.187
3444,14.0,43.099
3445,71.2,49.844
3446,0.5,0.5
3447,40.0,40.393
3448,2.3,3.112
3449,43.2,38.35
3450,67.6,77.89
3451,91.5,89.275
3452,0.038,0.037
3453,12.7,10.348
3454,0.28,1.8
3455,51.7,31.435
3456,76.0,93.207
3457,16.8,13.8
3458,115.0,97.047
3459,75.0,69.172
3460,26.5,26.618
3461,1.52,2.247
3462,91.1,87.761
3463,80.0,57.219
3464,27.5,26.846
3465,18.1,32.979
3466,50.0,54.038
3467,10.3,12.335
3468,3.229,2.538
3469,2.6,5.079
3470,7.63,7.428
3471,80.2,69.542
3472,2.35,4.199
3473,18.5,17.034
3474,6.6,7.185
3475,67.5,68.974
3476,67.5,67.583
3477,63.0,72.177
3478,7.1,6.651
3479,59.0,81.68
3480,1.71,2.06
3481,6.4,6.254
3482,40.0,42.26
3483,13.1,12.342
3484,42.0,38.662
3485,2.6,3.203
3486,8.174,7.903
3487,34.7,54.499
3488,3.69,3.772
3489,35.9,37.297
3490,28.4,26.846
3491,50.2,59.057
3492,10.0,10.378
3493,73.7,63.563
3494,91.1,81.356
3495,4.7,6.971
3496,82.5,82.712
3497,3.96,4.116
3498,80.0,52.457
3499,6.48,10.151
3500,29.5,23.504
3501,80.0,78.46
3502,0.7,0.754
3503,7.5,5.555
3504,89.9,88.254
3505,35.9,32.852
3506,13.5,18.43
3507,2.75,2.216
3508,2.166,2.165
3509,4.156,4.134
3510,5.65,7.789
3511,4.246,4.136
3512,70.8,75.229
3513,10.2,11.12
3514,5.1,4.997
3515,5.54,5.354
3516,85.95,75.765
3517,32.0,25.613
3518,0.62,0.81
3519,0.9,2.453
3520,23.12,28.243
3521,95.0,42.802
3522,5.85,6.026
3523,0.42,2.217
3524,8.35,6.022
3525,62.0,65.746
3526,19.4,17.9
3527,79.0,78.784
3528,118.0,126.151
3529,6.43,6.342
3530,13.4,15.224
3531,81.0,75.09
3532,10.4,10.803
3533,16.01,14.959
3534,91.7,90.221
3535,4.8,6.411
3536,8.95,17.206
3537,17.1,25.111
3538,55.6,45.965
3539,12.9,12.486
3540,1.15,1.478
3541,90.2,82.043
3542,45.0,84.256
3543,71.0,76.196
3544,86.0,91.21
3545,36.0,31.096
3546,84.0,74.072
3547,55.28,44.281
3548,8.4,7.454
3549,14.9,13.429
3550,45.0,51.286
3551,2.01,3.75
3552,74.6,75.843
3553,66.0,64.601
3554,34.85,42.947
3555,8.6,10.39
3556,25.5,20.692
3557,6.2,9.366
3558,12.4,12.072
3559,15.4,12.282
3560,92.8,87.214
3561,94.5,59.092
3562,1.35,2.246
3563,1.42,1.528
3564,3.3,4.978
3565,3.7,3.812
3566,41.0,52.181
3567,25.0,24.082
3568,64.1,37.589
3569,4.3,3.516
3570,11.2,11.376
3571,55.3,48.072
3572,11.1,7.636
3573,9.9,8.677
3574,74.0,56.144
3575,9.6,7.628
3576,88.0,84.154
3577,87.0,82.7
3578,30.0,30.893
3579,12.8,10.662
3580,30.1,27.876
3581,81.0,78.489
3582,1.37,1.22
3583,4.7,4.604
3584,1.86,2.512
3585,32.3,23.217
3586,16.2,10.305
3587,3.7,4.265
3588,7.9,7.937
3589,25.0,28.179
3590,70.0,71.295
3591,40.0,26.384
3592,105.1,103.492
3593,78.5,76.83
3594,36.1,34.436
3595,6.2,5.715
3596,37.3,33.307
3597,0.62,0.672
3598,6.52,5.665
3599,86.0,77.028
3600,50.1,57.058
3601,56.0,57.246
3602,22.5,22.284
3603,69.7,70.049
3604,37.0,49.162
3605,10.02,9.487
3606,94.0,90.801
3607,23.7,22.897
3608,5.5,6.279
3609,44.0,34.3
3610,8.4,7.284
3611,10.0,11.655
3612,15.9,15.117
3613,13.6,14.321
3614,1.61,1.392
3615,9.8,7.909
3616,16.0,16.016
3617,76.3,80.697
3618,26.5,39.975
3619,116.6,101.254
3620,32.0,31.601
3621,4.07,3.93
3622,36.4,37.286
3623,15.3,15.787
3624,6.55,4.854
3625,77.0,80.365
3626,17.0,12.76
3627,9.0,12.328
3628,34.0,58.082
3629,4.0,14.79
3630,25.9,25.229
3631,1.56,3.844
3632,40.05,49.563
3633,80.0,78.784
3634,5.9,5.278
3635,3.47,3.508
3636,81.0,81.41
3637,3.89,3.825
3638,5.11,4.89
3639,7.7,7.001
3640,40.0,54.616
3641,1.21,1.313
3642,4.7,7.188
3643,23.5,18.953
3644,32.0,22.153
3645,27.0,24.491
3646,13.5,11.573
3647,10.25,9.639
3648,17.7,17.184
3649,1.95,25.998
3650,96.0,61.143
3651,15.0,24.207
3652,80.0,82.119
3653,92.8,74.757
3654,70.0,53.568
3655,13.0,12.695
3656,2.23,2.189
3657,1.449,2.278
3658,9.33,9.404
3659,70.0,78.898
3660,60.0,39.157
3661,18.7,17.9
3662,4.53,5.065
3663,88.1,80.332
3664,96.0,75.774
3665,6.26,5.14
3666,6.2,6.803
3667,63.0,58.73
3668,21.3,25.85
3669,86.2,84.543
3670,3.92,13.914
3671,85.9,88.2
3672,80.5,74.675
3673,2.4,4.83
3674,68.0,85.559
3675,19.0,31.191
3676,0.6,3.891
3677,70.8,72.794
3678,10.3,7.846
3679,2.61,3.129
3680,129.0,117.013
3681,20.0,48.589
3682,21.3,48.564
3683,28.0,48.358
3684,8.2,5.75
3685,47.3,66.642
3686,46.0,72.183
3687,14.9,20.204
3688,1.7,4.06
3689,73.0,66.665
3690,14.4,13.854
3691,4.9,4.863
3692,25.2,23.15
3693,76.0,42.627
3694,14.6,16.771
3695,4.38,6.279
3696,3.52,4.493
3697,80.2,65.3
3698,2.8,2.914
3699,31.0,26.846
3700,3.67,4.183
3701,14.0,13.921
3702,20.0,13.598
3703,77.0,75.423
3704,28.6,22.324
3705,73.0,71.763
3706,8.06,7.957
3707,2.52,2.6
3708,58.0,62.8
3709,39.36,36.625
3710,1.095,4.583
3711,34.8,55.064
3712,0.87,2.419
3713,3.59,4.61
3714,2.41,3.907
3715,9.8,15.382
3716,45.0,44.336
3717,7.6,7.232
3718,44.8,35.434
3719,21.0,24.289
3720,25.5,24.213
3721,35.8,33.163
3722,108.7,106.359
3723,37.8,33.307
3724,4.0,4.26
3725,1.29,1.889
3726,3.0,6.467
3727,3.0,5.14
3728,33.5,53.137
3729,15.0,26.988
3730,38.0,37.903
3731,10.0,4.895
3732,87.0,84.77
3733,89.9,90.861
3734,70.0,61.426
3735,62.0,75.843
3736,48.0,50.79
3737,30.8,29.724
3738,21.7,30.235
3739,33.0,33.095
3740,68.0,64.483
3741,28.8,28.029
3742,92.0,78.489
3743,85.9,86.931
3744,2.8,5.157
3745,0.59,0.728
3746,50.0,79.187
3747,34.9,36.486
3748,4.95,4.887
3749,81.0,82.165
3750,1.41,2.661
3751,45.0,37.836
3752,2.8,3.657
3753,14.4,13.387
3754,22.8,36.625
3755,1.5,2.308
3756,7.53,7.486
3757,74.0,75.032
3758,36.0,27.982
3759,60.5,56.981
3760,115.0,77.589
3761,0.6,0.874
3762,77.1,81.95
3763,17.9,19.064
3764,1.3,2.406
3765,33.0,28.462
3766,32.4,32.394
3767,3.17,3.542
3768,3.42,3.887
3769,60.0,88.926
3770,2.0,8.492
3771,83.7,77.755
3772,82.0,73.238
3773,0.29,1.39
3774,0.65,1.414
3775,20.0,17.839
3776,20.6,28.364
3777,92.1,89.832
3778,6.28,6.561
3779,40.0,32.311
3780,54.1,58.066
3781,123.0,117.013
3782,86.0,79.31
3783,41.5,31.904
3784,36.0,24.517
3785,2.36,2.439
3786,10.6,10.314
3787,0.155,0.18
3788,2.9,2.894
3789,6.8,7.325
3790,126.0,96.332
3791,78.6,79.839
3792,15.6,12.517
3793,32.0,26.153
3794,94.8,93.375
3795,83.0,84.256
3796,1.25,3.047
3797,21.96,53.618
3798,116.7,113.424
3799,20.4,21.344
3800,12.2,11.804
3801,34.0,46.012
3802,0.5,0.462
3803,88.6,84.718
3804,56.1,58.608
3805,4.4,3.435
3806,14.0,13.808
3807,6.6,7.914
3808,8.5,8.587
3809,2.7,5.675
3810,65.0,40.346
3811,0.7,3.448
3812,23.0,30.315
3813,5.13,4.863
3814,74.0,74.776
3815,70.0,73.235
3816,1.65,2.288
3817,6.9,6.782
3818,7.0,16.871
3819,103.0,102.473
3820,8.0,8.829
3821,8.2,26.264
3822,3.68,7.005
3823,6.0,6.676
3824,12.2,10.119
3825,8.5,10.316
3826,55.0,41.906
3827,4.0,5.495
3828,40.0,45.563
3829,31.6,30.945
3830,71.0,75.696
3831,30.0,15.82
3832,88.5,91.098
3833,64.0,63.584
3834,18.1,16.811
3835,77.5,60.536
3836,88.0,85.069
3837,1.35,3.683
3838,33.5,17.449
3839,4.6,5.628
3840,80.0,75.757
3841,66.9,49.33
3842,133.5,120.092
3843,33.0,33.21
3844,0.91,1.217
3845,15.89,12.408
3846,18.0,25.321
3847,2.0,1.351
3848,10.5,11.439
3849,13.0,18.384
3850,31.5,20.934
3851,91.7,83.496
3852,2.392,2.161
3853,102.0,101.492
3854,2.94,4.29
3855,14.2,13.34
3856,14.5,14.717
3857,3.04,2.654
3858,98.0,61.143
3859,115.0,123.485
3860,4.416,3.275
3861,6.0,8.696
3862,2.09,1.674
3863,32.9,32.236
3864,6.0,3.066
3865,22.8,22.791
3866,7.52,7.409
3867,20.0,19.78
3868,4.25,4.593
3869,50.0,57.219
3870,1.43,1.304
3871,24.5,19.522
3872,36.7,73.855
3873,0.1,32.488
3874,93.1,85.551
3875,66.5,61.961
3876,20.75,22.989
3877,18.0,40.144
3878,10.4,12.833
3879,12.2,4.383
3880,14.0,11.421
3881,3.7,6.216
3882,52.0,79.187
3883,19.0,15.047
3884,2.67,2.48
3885,15.4,18.582
3886,38.6,22.54
3887,24.2,23.726
3888,6.92,3.168
3889,1.95,2.61
3890,13.2,13.826
3891,18.5,18.764
3892,35.2,61.912
3893,1.92,1.877
3894,0.58,1.051
3895,78.9,56.203
3896,41.0,42.366
3897,27.4,26.41
3898,8.29,7.691
3899,27.0,30.569
3900,0.88,1.532
3901,91.4,91.865
3902,98.0,90.616
3903,7.5,7.043
3904,19.7,21.95
3905,3.1,4.435
3906,0.74,0.871
3907,1.1,1.037
3908,3.14,2.974
3909,3.36,2.868
3910,10.0,13.634
3911,26.0,59.801
3912,3.01,3.273
3913,56.5,53.386
3914,28.0,17.727
3915,31.3,44.557
3916,6.0,5.95
3917,81.0,78.384
3918,1.3,1.977
3919,86.0,73.979
3920,4.85,8.71
3921,7.214,7.165
3922,83.0,68.221
3923,5.05,4.921
3924,106.6,104.374
3925,86.5,85.559
3926,83.0,84.24
3927,84.2,82.568
3928,8.5,15.256
3929,13.8,13.931
3930,15.0,17.168
3931,54.5,50.227
3932,130.0,85.559
3933,23.8,27.948
3934,19.5,19.064
3935,130.0,130.592
3936,5.94,4.841
3937,48.6,44.758
3938,36.0,33.027
3939,44.0,40.423
3940,90.0,89.006
3941,4.1,4.055
3942,31.2,27.792
3943,15.5,20.082
3944,5.51,5.064
3945,4.1,3.275
3946,82.0,79.402
3947,15.2,12.756
3948,54.0,74.427
3949,17.3,15.12
3950,8.86,9.055
3951,78.0,82.828
3952,39.785,36.095
3953,2.285,3.073
3954,115.0,119.604
3955,1.655,3.07
3956,32.0,31.402
3957,0.051,0.053
3958,54.0,51.74
3959,87.0,92.651
3960,14.0,13.525
3961,2.65,2.917
3962,29.3,27.449
3963,42.0,41.879
3964,4.9,6.03
3965,5.4,8.59
3966,36.0,32.239
3967,6.75,4.719
3968,16.0,31.361
3969,24.0,18.933
3970,27.0,26.457
3971,21.0,20.69
3972,13.4,11.598
3973,83.0,84.382
3974,5.49,4.577
3975,82.0,81.74
3976,31.0,32.931
3977,1.4,1.387
3978,89.0,74.656
3979,57.6,69.19
3980,3.5,3.567
3981,61.0,68.395
3982,31.0,35.532
3983,8.4,8.244
3984,9.24,10.268
3985,0.94,8.847
3986,8.4,2.656
3987,36.0,42.651
3988,33.4,25.212
3989,86.4,85.559
3990,0.65,0.684
3991,85.0,75.057
3992,0.955,1.001
3993,0.43,0.505
3994,12.0,17.234
3995,90.0,78.963
3996,18.0,9.179
3997,15.4,12.296
3998,1.8,2.507
3999,6.45,5.229
4000,5.48,9.713
4001,11.2,10.89
4002,12.2,12.58
4003,58.0,69.867
4004,2.28,2.049
4005,73.0,73.978
4006,26.0,29.0
4007,2.31,4.121
4008,7.7,3.97
4009,4.7,3.262
4010,2.1,1.866
4011,76.5,78.738
4012,44.0,37.543
4013,120.0,78.822
4014,78.0,77.812
4015,13.5,12.844
4016,1.87,3.64
4017,7.0,9.26
4018,14.0,10.513
4019,56.4,55.576
4020,7.7,6.988
4021,1.0,46.527
4022,22.0,23.111
4023,88.0,85.971
4024,75.2,61.653
4025,9.079,8.922
4026,9.0,8.116
4027,71.25,72.822
4028,86.0,76.523
4029,25.4,23.259
4030,1.159,1.277
4031,78.0,74.509
4032,1.73,1.692
4033,17.7,16.454
4034,6.3,5.14
4035,74.0,69.046
4036,91.1,79.955
4037,59.7,41.7
4038,35.0,34.968
4039,2.254,3.151
4040,5.0,6.914
4041,5.26,4.371
4042,0.53,1.524
4043,87.8,81.077
4044,94.0,90.275
4045,10.5,8.445
4046,23.0,29.008
4047,28.575,40.579
4048,39.6,38.066
4049,20.0,40.461
4050,5.4,23.217
4051,7.8,6.094
4052,86.0,79.918
4053,12.8,23.354
4054,94.0,91.203
4055,67.5,57.923
4056,115.0,118.806
4057,86.0,56.798
4058,97.4,86.975
4059,59.3,46.093
4060,35.0,33.307
4061,4.5,3.818
4062,40.0,34.088
4063,16.9,15.343
4064,14.5,13.634
4065,72.2,73.427
4066,71.0,78.489
4067,35.0,36.252
4068,71.0,75.156
4069,21.8,21.754
4070,67.7,72.399
4071,113.0,76.275
4072,4.8,4.432
4073,81.27,83.689
4074,8.6,7.837
4075,0.235,1.477
4076,25.0,29.692
4077,4.46,4.174
4078,5.77,4.537
4079,18.6,15.853
4080,68.0,78.489
4081,0.556,1.157
4082,1.79,1.724
4083,10.9,10.657
4084,11.8,14.463
4085,1.65,2.763
4086,33.0,20.206
4087,96.8,93.578
4088,70.0,77.345
4089,38.8,36.513
4090,92.2,78.489
4091,90.9,80.332
4092,27.8,28.566
4093,80.2,77.332
4094,45.0,47.592
4095,35.0,23.887
4096,35.0,25.891
4097,1.66,1.512
4098,84.0,81.753
4099,11.1,13.779
4100,27.3,27.577
4101,6.2,4.127
4102,1.88,2.108
4103,1.132,1.823
4104,12.3,12.255
4105,28.9,44.541
4106,6.0,30.266
4107,39.2,34.3
4108,11.5,7.364
4109,85.0,84.097
4110,3.51,4.02
4111,55.8,54.516
4112,6.1,5.079
4113,71.0,72.322
4114,93.6,74.043
4115,8.1,9.359
4116,64.8,59.88
4117,16.6,15.806
4118,90.0,90.148
4119,77.9,54.538
4120,84.0,78.62
4121,32.5,25.904
4122,30.0,20.798
4123,13.3,15.52
4124,11.0,14.959
4125,83.5,81.063
4126,37.4,37.118
4127,39.8,23.294
4128,4.08,4.119
4129,9.0,9.936
4130,94.5,86.966
4131,7.9,4.467
4132,4.43,4.566
4133,0.171,0.305
4134,2.1,10.347
4135,19.6,12.727
4136,92.5,88.788
4137,4.02,4.529
4138,21.2,19.147
4139,0.75,3.701
4140,79.6,77.438
4141,4.46,4.617
4142,18.1,16.06
4143,1.2,1.231
4144,34.0,32.582
4145,24.0,26.546
4146,39.6,40.384
4147,10.3,10.265
4148,6.95,6.469
4149,2.8,3.815
4150,3.94,4.423
4151,4.63,5.368
4152,17.1,17.926
4153,78.2,72.585
4154,2.73,4.172
4155,2.6,4.428
4156,28.0,33.536
4157,17.2,27.592
4158,84.0,78.296
4159,15.4,24.433
4160,35.9,28.94
4161,68.0,44.662
4162,57.0,65.846
4163,42.0,42.109
4164,3.8,10.668
4165,0.4,1.775
4166,22.0,30.074
4167,26.0,35.351
4168,58.0,54.985
4169,84.8,98.132
4170,2.04,3.081
4171,10.0,10.951
4172,59.5,57.987
4173,17.6,17.382
4174,34.8,30.988
4175,23.5,21.189
4176,3.5,18.943
4177,80.0,69.894
4178,83.6,88.895
4179,1.19,1.485
4180,0.7,2.48
4181,52.6,49.744
4182,2.16,2.278
4183,5.38,5.305
4184,45.0,46.713
4185,1.92,3.675
4186,94.5,90.78
4187,5.13,11.138
4188,5.56,5.409
4189,3.76,4.339
4190,91.2,90.574
4191,114.0,112.175
4192,85.2,73.426
4193,7.2,17.525
4194,2.0,1.962
4195,3.27,3.403
4196,40.0,45.32
4197,22.1,23.061
4198,31.0,26.815
4199,15.6,16.606
4200,95.5,89.255
4201,4.0,4.329
4202,2.11,3.21
4203,25.0,24.186
4204,56.25,48.224
4205,0.34,12.496
4206,104.0,101.481
4207,50.0,63.563
4208,4.1,8.121
4209,25.2,39.362
4210,7.7,8.048
4211,27.5,32.239
4212,1.14,1.478
4213,88.2,87.843
4214,25.0,52.046
4215,42.4,44.494
4216,83.0,68.436
4217,93.5,90.77
4218,6.38,5.722
4219,86.3,86.331
4220,76.1,55.836
4221,2.31,2.034
4222,80.0,83.656
4223,1.5,0.992
4224,21.3,21.08
4225,92.15,88.566
4226,0.07,1.057
4227,32.0,41.104
4228,128.7,125.208
4229,63.6,58.544
4230,37.0,29.092
4231,19.0,16.889
4232,79.5,78.701
4233,11.249,9.979
4234,0.03,0.188
4235,50.0,46.316
4236,84.0,88.423
4237,15.0,13.931
4238,130.1,127.397
4239,2.7,3.032
4240,88.0,86.701
4241,17.8,15.663
4242,3.0,6.493
4243,48.6,49.958
4244,2.7,4.173
4245,49.9,62.542
4246,2.15,2.666
4247,58.0,47.019
4248,117.0,114.126
4249,19.8,19.57
4250,0.46,3.012
4251,34.0,34.439
4252,16.5,35.376
