factor,level,split,seed,train_fraction,label_noise,input_noise,missing_frac,n_train,rmse,mae,r2,mean_predictor_rmse,git_hash,timestamp
train_fraction,0.02,grouped,0,0.02,0,0,0,342,16.9027,11.7738,0.7548,34.1462,979d3f8,2026-10-01T10:01:44
train_fraction,0.02,grouped,1,0.02,0,0,0,342,17.0905,11.8541,0.7494,34.1462,979d3f8,2026-10-01T10:01:44
train_fraction,0.02,grouped,2,0.02,0,0,0,342,15.969,11.1998,0.7812,34.1462,979d3f8,2026-10-01T10:01:44
train_fraction,0.02,grouped,3,0.02,0,0,0,342,17.7169,12.2004,0.7307,34.1462,979d3f8,2026-10-01T10:01:44
train_fraction,0.02,grouped,4,0.02,0,0,0,342,17.2132,11.9545,0.7458,34.1462,979d3f8,2026-10-01T10:01:45
train_fraction,0.02,grouped,5,0.02,0,0,0,342,17.2858,11.7997,0.7436,34.1462,979d3f8,2026-10-01T10:01:45
train_fraction,0.02,grouped,6,0.02,0,0,0,342,16.0278,11.0826,0.7796,34.1462,979d3f8,2026-10-01T10:01:45
train_fraction,0.02,grouped,7,0.02,0,0,0,342,16.0139,11.1698,0.7799,34.1462,979d3f8,2026-10-01T10:01:45
train_fraction,0.02,grouped,8,0.02,0,0,0,342,16.7513,11.3905,0.7592,34.1462,979d3f8,2026-10-01T10:01:46
train_fraction,0.02,grouped,9,0.02,0,0,0,342,16.7144,11.4371,0.7603,34.1462,979d3f8,2026-10-01T10:01:46
train_fraction,0.05,grouped,0,0.05,0,0,0,855,15.0335,10.0959,0.8061,34.1462,979d3f8,2026-10-01T10:01:46
train_fraction,0.05,grouped,1,0.05,0,0,0,855,15.1941,9.9037,0.8019,34.1462,979d3f8,2026-10-01T10:01:47
train_fraction,0.05,grouped,2,0.05,0,0,0,855,13.5536,9.0993,0.8424,34.1462,979d3f8,2026-10-01T10:01:47
train_fraction,0.05,grouped,3,0.05,0,0,0,855,14.1925,9.6172,0.8272,34.1462,979d3f8,2026-10-01T10:01:48
train_fraction,0.05,grouped,4,0.05,0,0,0,855,14.3177,9.7163,0.8241,34.1462,979d3f8,2026-10-01T10:01:48
train_fraction,0.05,grouped,5,0.05,0,0,0,855,14.1017,9.3908,0.8294,34.1462,979d3f8,2026-10-01T10:01:49
train_fraction,0.05,grouped,6,0.05,0,0,0,855,14.5344,9.6406,0.8187,34.1462,979d3f8,2026-10-01T10:01:49
train_fraction,0.05,grouped,7,0.05,0,0,0,855,14.8072,9.806,0.8119,34.1462,979d3f8,2026-10-01T10:01:50
train_fraction,0.05,grouped,8,0.05,0,0,0,855,14.6138,9.8375,0.8167,34.1462,979d3f8,2026-10-01T10:01:50
train_fraction,0.05,grouped,9,0.05,0,0,0,855,14.1712,9.4408,0.8277,34.1462,979d3f8,2026-10-01T10:01:51
train_fraction,0.1,grouped,0,0.1,0,0,0,1710,13.7869,8.8474,0.8369,34.1462,979d3f8,2026-10-01T10:01:51
train_fraction,0.1,grouped,1,0.1,0,0,0,1710,13.3858,8.6463,0.8462,34.1462,979d3f8,2026-10-01T10:01:52
train_fraction,0.1,grouped,2,0.1,0,0,0,1710,12.9813,8.3366,0.8554,34.1462,979d3f8,2026-10-01T10:01:53
train_fraction,0.1,grouped,3,0.1,0,0,0,1710,13.7088,8.7864,0.8387,34.1462,979d3f8,2026-10-01T10:01:54
train_fraction,0.1,grouped,4,0.1,0,0,0,1710,13.8533,8.9096,0.8353,34.1462,979d3f8,2026-10-01T10:01:55
train_fraction,0.1,grouped,5,0.1,0,0,0,1710,13.0458,8.3547,0.854,34.1462,979d3f8,2026-10-01T10:01:56
train_fraction,0.1,grouped,6,0.1,0,0,0,1710,13.5319,8.5728,0.8429,34.1462,979d3f8,2026-10-01T10:01:57
train_fraction,0.1,grouped,7,0.1,0,0,0,1710,13.2774,8.5324,0.8487,34.1462,979d3f8,2026-10-01T10:01:57
train_fraction,0.1,grouped,8,0.1,0,0,0,1710,13.6707,8.757,0.8396,34.1462,979d3f8,2026-10-01T10:01:58
train_fraction,0.1,grouped,9,0.1,0,0,0,1710,13.0816,8.4308,0.8532,34.1462,979d3f8,2026-10-01T10:01:59
train_fraction,0.25,grouped,0,0.25,0,0,0,4274,12.4834,7.5325,0.8663,34.1462,979d3f8,2026-10-01T10:02:02
train_fraction,0.25,grouped,1,0.25,0,0,0,4274,12.0647,7.3657,0.8751,34.1462,979d3f8,2026-10-01T10:02:04
train_fraction,0.25,grouped,2,0.25,0,0,0,4274,11.9529,7.2643,0.8774,34.1462,979d3f8,2026-10-01T10:02:06
train_fraction,0.25,grouped,3,0.25,0,0,0,4274,12.3021,7.4119,0.8701,34.1462,979d3f8,2026-10-01T10:02:08
train_fraction,0.25,grouped,4,0.25,0,0,0,4274,12.5725,7.5381,0.8644,34.1462,979d3f8,2026-10-01T10:02:11
train_fraction,0.25,grouped,5,0.25,0,0,0,4274,12.0056,7.3405,0.8763,34.1462,979d3f8,2026-10-01T10:02:13
train_fraction,0.25,grouped,6,0.25,0,0,0,4274,11.6871,7.1364,0.8828,34.1462,979d3f8,2026-10-01T10:02:16
train_fraction,0.25,grouped,7,0.25,0,0,0,4274,11.7746,7.1462,0.881,34.1462,979d3f8,2026-10-01T10:02:18
train_fraction,0.25,grouped,8,0.25,0,0,0,4274,12.0301,7.3459,0.8758,34.1462,979d3f8,2026-10-01T10:02:21
train_fraction,0.25,grouped,9,0.25,0,0,0,4274,12.0827,7.3237,0.8747,34.1462,979d3f8,2026-10-01T10:02:23
train_fraction,0.5,grouped,0,0.5,0,0,0,8549,11.4061,6.6204,0.8884,34.1462,979d3f8,2026-10-01T10:02:28
train_fraction,0.5,grouped,1,0.5,0,0,0,8549,11.1329,6.4843,0.8936,34.1462,979d3f8,2026-10-01T10:02:33
train_fraction,0.5,grouped,2,0.5,0,0,0,8549,11.0354,6.4363,0.8955,34.1462,979d3f8,2026-10-01T10:02:38
train_fraction,0.5,grouped,3,0.5,0,0,0,8549,11.0885,6.4755,0.8945,34.1462,979d3f8,2026-10-01T10:02:43
train_fraction,0.5,grouped,4,0.5,0,0,0,8549,11.4936,6.6035,0.8866,34.1462,979d3f8,2026-10-01T10:02:48
train_fraction,0.5,grouped,5,0.5,0,0,0,8549,11.6389,6.5971,0.8838,34.1462,979d3f8,2026-10-01T10:02:53
train_fraction,0.5,grouped,6,0.5,0,0,0,8549,10.8096,6.438,0.8997,34.1462,979d3f8,2026-10-01T10:02:58
train_fraction,0.5,grouped,7,0.5,0,0,0,8549,10.9134,6.4037,0.8978,34.1462,979d3f8,2026-10-01T10:03:05
train_fraction,0.5,grouped,8,0.5,0,0,0,8549,10.7377,6.3651,0.9011,34.1462,979d3f8,2026-10-01T10:03:12
train_fraction,0.5,grouped,9,0.5,0,0,0,8549,10.8557,6.4481,0.8989,34.1462,979d3f8,2026-10-01T10:03:19
train_fraction,1.0,grouped,0,1.0,0,0,0,17098,10.4736,5.7523,0.9059,34.1462,979d3f8,2026-10-01T10:03:34
train_fraction,1.0,grouped,1,1.0,0,0,0,17098,10.3817,5.711,0.9075,34.1462,979d3f8,2026-10-01T10:03:48
train_fraction,1.0,grouped,2,1.0,0,0,0,17098,10.395,5.7274,0.9073,34.1462,979d3f8,2026-10-01T10:04:01
train_fraction,1.0,grouped,3,1.0,0,0,0,17098,10.4719,5.7625,0.9059,34.1462,979d3f8,2026-10-01T10:04:14
train_fraction,1.0,grouped,4,1.0,0,0,0,17098,10.4365,5.7224,0.9065,34.1462,979d3f8,2026-10-01T10:04:26
train_fraction,1.0,grouped,5,1.0,0,0,0,17098,10.4649,5.7303,0.906,34.1462,979d3f8,2026-10-01T10:04:39
train_fraction,1.0,grouped,6,1.0,0,0,0,17098,10.4453,5.744,0.9064,34.1462,979d3f8,2026-10-01T10:04:49
train_fraction,1.0,grouped,7,1.0,0,0,0,17098,10.3415,5.7425,0.9082,34.1462,979d3f8,2026-10-01T10:05:02
train_fraction,1.0,grouped,8,1.0,0,0,0,17098,10.3431,5.7206,0.9082,34.1462,979d3f8,2026-10-01T10:05:16
train_fraction,1.0,grouped,9,1.0,0,0,0,17098,10.4074,5.7425,0.9071,34.1462,979d3f8,2026-10-01T10:05:26
label_noise,0.05,grouped,0,1.0,0.05,0,0,17098,10.4924,5.8439,0.9055,34.1462,979d3f8,2026-10-01T10:05:36
label_noise,0.05,grouped,1,1.0,0.05,0,0,17098,10.4678,5.8206,0.906,34.1462,979d3f8,2026-10-01T10:05:47
label_noise,0.05,grouped,2,1.0,0.05,0,0,17098,10.4347,5.8683,0.9066,34.1462,979d3f8,2026-10-01T10:05:57
label_noise,0.05,grouped,3,1.0,0.05,0,0,17098,10.5361,5.8443,0.9047,34.1462,979d3f8,2026-10-01T10:06:08
label_noise,0.05,grouped,4,1.0,0.05,0,0,17098,10.2774,5.7868,0.9094,34.1462,979d3f8,2026-10-01T10:06:19
label_noise,0.05,grouped,5,1.0,0.05,0,0,17098,10.5299,5.8415,0.9049,34.1462,979d3f8,2026-10-01T10:06:29
label_noise,0.05,grouped,6,1.0,0.05,0,0,17098,10.471,5.8324,0.9059,34.1462,979d3f8,2026-10-01T10:06:40
label_noise,0.05,grouped,7,1.0,0.05,0,0,17098,10.3449,5.8512,0.9082,34.1462,979d3f8,2026-10-01T10:06:50
label_noise,0.05,grouped,8,1.0,0.05,0,0,17098,10.3709,5.8086,0.9077,34.1462,979d3f8,2026-10-01T10:07:02
label_noise,0.05,grouped,9,1.0,0.05,0,0,17098,10.4301,5.8158,0.9067,34.1462,979d3f8,2026-10-01T10:07:13
label_noise,0.1,grouped,0,1.0,0.1,0,0,17098,10.5069,6.0127,0.9053,34.1462,979d3f8,2026-10-01T10:07:24
label_noise,0.1,grouped,1,1.0,0.1,0,0,17098,10.6564,6.0741,0.9026,34.1462,979d3f8,2026-10-01T10:07:34
label_noise,0.1,grouped,2,1.0,0.1,0,0,17098,10.5588,6.1234,0.9043,34.1462,979d3f8,2026-10-01T10:07:45
label_noise,0.1,grouped,3,1.0,0.1,0,0,17098,10.6909,6.0621,0.9019,34.1462,979d3f8,2026-10-01T10:07:56
label_noise,0.1,grouped,4,1.0,0.1,0,0,17098,10.4207,6.0004,0.9068,34.1462,979d3f8,2026-10-01T10:08:10
label_noise,0.1,grouped,5,1.0,0.1,0,0,17098,10.5053,6.032,0.9053,34.1462,979d3f8,2026-10-01T10:08:24
label_noise,0.1,grouped,6,1.0,0.1,0,0,17098,10.5695,6.0125,0.9041,34.1462,979d3f8,2026-10-01T10:08:37
label_noise,0.1,grouped,7,1.0,0.1,0,0,17098,10.4354,6.0829,0.9066,34.1462,979d3f8,2026-10-01T10:08:48
label_noise,0.1,grouped,8,1.0,0.1,0,0,17098,10.4888,6.0077,0.9056,34.1462,979d3f8,2026-10-01T10:09:01
label_noise,0.1,grouped,9,1.0,0.1,0,0,17098,10.6046,6.0467,0.9035,34.1462,979d3f8,2026-10-01T10:09:14
label_noise,0.2,grouped,0,1.0,0.2,0,0,17098,10.8008,6.6427,0.8999,34.1462,979d3f8,2026-10-01T10:09:28
label_noise,0.2,grouped,1,1.0,0.2,0,0,17098,11.0567,6.6805,0.8951,34.1462,979d3f8,2026-10-01T10:09:42
label_noise,0.2,grouped,2,1.0,0.2,0,0,17098,10.9516,6.788,0.8971,34.1462,979d3f8,2026-10-01T10:09:54
label_noise,0.2,grouped,3,1.0,0.2,0,0,17098,11.1127,6.7428,0.894,34.1462,979d3f8,2026-10-01T10:10:07
label_noise,0.2,grouped,4,1.0,0.2,0,0,17098,10.5814,6.5387,0.9039,34.1462,979d3f8,2026-10-01T10:10:21
label_noise,0.2,grouped,5,1.0,0.2,0,0,17098,10.7396,6.6078,0.901,34.1462,979d3f8,2026-10-01T10:10:34
label_noise,0.2,grouped,6,1.0,0.2,0,0,17098,10.9472,6.6094,0.8972,34.1462,979d3f8,2026-10-01T10:10:47
label_noise,0.2,grouped,7,1.0,0.2,0,0,17098,10.7057,6.6604,0.9017,34.1462,979d3f8,2026-10-01T10:11:00
label_noise,0.2,grouped,8,1.0,0.2,0,0,17098,10.8721,6.6026,0.8986,34.1462,979d3f8,2026-10-01T10:11:13
label_noise,0.2,grouped,9,1.0,0.2,0,0,17098,10.9911,6.6094,0.8963,34.1462,979d3f8,2026-10-01T10:11:27
label_noise,0.4,grouped,0,1.0,0.4,0,0,17098,11.8931,8.191,0.8786,34.1462,979d3f8,2026-10-01T10:11:41
label_noise,0.4,grouped,1,1.0,0.4,0,0,17098,12.4334,8.2293,0.8673,34.1462,979d3f8,2026-10-01T10:11:56
label_noise,0.4,grouped,2,1.0,0.4,0,0,17098,12.2437,8.4131,0.8714,34.1462,979d3f8,2026-10-01T10:12:09
label_noise,0.4,grouped,3,1.0,0.4,0,0,17098,12.7241,8.3687,0.8611,34.1462,979d3f8,2026-10-01T10:12:22
label_noise,0.4,grouped,4,1.0,0.4,0,0,17098,11.5444,7.9643,0.8856,34.1462,979d3f8,2026-10-01T10:12:35
label_noise,0.4,grouped,5,1.0,0.4,0,0,17098,11.7746,8.0491,0.881,34.1462,979d3f8,2026-10-01T10:12:47
label_noise,0.4,grouped,6,1.0,0.4,0,0,17098,12.1904,8.0995,0.8725,34.1462,979d3f8,2026-10-01T10:13:00
label_noise,0.4,grouped,7,1.0,0.4,0,0,17098,11.9829,8.2532,0.8768,34.1462,979d3f8,2026-10-01T10:13:14
label_noise,0.4,grouped,8,1.0,0.4,0,0,17098,12.0913,8.1223,0.8745,34.1462,979d3f8,2026-10-01T10:13:29
label_noise,0.4,grouped,9,1.0,0.4,0,0,17098,12.2409,8.0791,0.8714,34.1462,979d3f8,2026-10-01T10:13:42
input_noise,0.05,grouped,0,1.0,0,0.05,0,17098,11.2323,6.6678,0.8917,34.1462,979d3f8,2026-10-01T10:14:02
input_noise,0.05,grouped,1,1.0,0,0.05,0,17098,11.1465,6.5998,0.8934,34.1462,979d3f8,2026-10-01T10:14:24
input_noise,0.05,grouped,2,1.0,0,0.05,0,17098,11.3256,6.6861,0.8899,34.1462,979d3f8,2026-10-01T10:14:45
input_noise,0.05,grouped,3,1.0,0,0.05,0,17098,11.2849,6.6582,0.8907,34.1462,979d3f8,2026-10-01T10:15:05
input_noise,0.05,grouped,4,1.0,0,0.05,0,17098,11.1158,6.6284,0.894,34.1462,979d3f8,2026-10-01T10:15:26
input_noise,0.05,grouped,5,1.0,0,0.05,0,17098,11.1567,6.6264,0.8932,34.1462,979d3f8,2026-10-01T10:15:46
input_noise,0.05,grouped,6,1.0,0,0.05,0,17098,11.1042,6.6109,0.8942,34.1462,979d3f8,2026-10-01T10:16:08
input_noise,0.05,grouped,7,1.0,0,0.05,0,17098,11.2284,6.6118,0.8918,34.1462,979d3f8,2026-10-01T10:16:27
input_noise,0.05,grouped,8,1.0,0,0.05,0,17098,11.1499,6.5677,0.8933,34.1462,979d3f8,2026-10-01T10:16:44
input_noise,0.05,grouped,9,1.0,0,0.05,0,17098,11.265,6.711,0.8911,34.1462,979d3f8,2026-10-01T10:17:04
input_noise,0.1,grouped,0,1.0,0,0.1,0,17098,12.7238,7.5605,0.8611,34.1462,979d3f8,2026-10-01T10:17:25
input_noise,0.1,grouped,1,1.0,0,0.1,0,17098,12.6077,7.4916,0.8636,34.1462,979d3f8,2026-10-01T10:17:46
input_noise,0.1,grouped,2,1.0,0,0.1,0,17098,12.4702,7.4868,0.8666,34.1462,979d3f8,2026-10-01T10:18:09
input_noise,0.1,grouped,3,1.0,0,0.1,0,17098,12.4767,7.4326,0.8664,34.1462,979d3f8,2026-10-01T10:18:30
input_noise,0.1,grouped,4,1.0,0,0.1,0,17098,12.54,7.5102,0.8651,34.1462,979d3f8,2026-10-01T10:18:50
input_noise,0.1,grouped,5,1.0,0,0.1,0,17098,12.4939,7.4865,0.8661,34.1462,979d3f8,2026-10-01T10:19:12
input_noise,0.1,grouped,6,1.0,0,0.1,0,17098,12.2536,7.3566,0.8712,34.1462,979d3f8,2026-10-01T10:19:34
input_noise,0.1,grouped,7,1.0,0,0.1,0,17098,12.4844,7.419,0.8663,34.1462,979d3f8,2026-10-01T10:19:55
input_noise,0.1,grouped,8,1.0,0,0.1,0,17098,12.5585,7.4653,0.8647,34.1462,979d3f8,2026-10-01T10:20:16
input_noise,0.1,grouped,9,1.0,0,0.1,0,17098,12.8075,7.6548,0.8592,34.1462,979d3f8,2026-10-01T10:20:37
input_noise,0.2,grouped,0,1.0,0,0.2,0,17098,14.1329,8.3941,0.8286,34.1462,979d3f8,2026-10-01T10:21:02
input_noise,0.2,grouped,1,1.0,0,0.2,0,17098,14.058,8.3608,0.8304,34.1462,979d3f8,2026-10-01T10:21:22
input_noise,0.2,grouped,2,1.0,0,0.2,0,17098,13.914,8.3624,0.8339,34.1462,979d3f8,2026-10-01T10:21:43
input_noise,0.2,grouped,3,1.0,0,0.2,0,17098,14.1045,8.3935,0.8293,34.1462,979d3f8,2026-10-01T10:22:04
input_noise,0.2,grouped,4,1.0,0,0.2,0,17098,14.0349,8.3705,0.831,34.1462,979d3f8,2026-10-01T10:22:26
input_noise,0.2,grouped,5,1.0,0,0.2,0,17098,14.115,8.3877,0.829,34.1462,979d3f8,2026-10-01T10:22:48
input_noise,0.2,grouped,6,1.0,0,0.2,0,17098,13.7836,8.2965,0.837,34.1462,979d3f8,2026-10-01T10:23:12
input_noise,0.2,grouped,7,1.0,0,0.2,0,17098,14.1356,8.3995,0.8285,34.1462,979d3f8,2026-10-01T10:23:35
input_noise,0.2,grouped,8,1.0,0,0.2,0,17098,14.0621,8.3435,0.8303,34.1462,979d3f8,2026-10-01T10:23:59
input_noise,0.2,grouped,9,1.0,0,0.2,0,17098,14.0511,8.3612,0.8306,34.1462,979d3f8,2026-10-01T10:24:24
input_noise,0.4,grouped,0,1.0,0,0.4,0,17098,15.7308,9.5175,0.7877,34.1462,979d3f8,2026-10-01T10:24:46
input_noise,0.4,grouped,1,1.0,0,0.4,0,17098,15.6224,9.5186,0.7906,34.1462,979d3f8,2026-10-01T10:25:09
input_noise,0.4,grouped,2,1.0,0,0.4,0,17098,15.5281,9.5439,0.7931,34.1462,979d3f8,2026-10-01T10:25:31
input_noise,0.4,grouped,3,1.0,0,0.4,0,17098,15.6533,9.5742,0.7897,34.1462,979d3f8,2026-10-01T10:25:54
input_noise,0.4,grouped,4,1.0,0,0.4,0,17098,15.4065,9.4985,0.7963,34.1462,979d3f8,2026-10-01T10:26:17
input_noise,0.4,grouped,5,1.0,0,0.4,0,17098,15.7016,9.5054,0.7884,34.1462,979d3f8,2026-10-01T10:26:40
input_noise,0.4,grouped,6,1.0,0,0.4,0,17098,15.4298,9.4086,0.7957,34.1462,979d3f8,2026-10-01T10:27:00
input_noise,0.4,grouped,7,1.0,0,0.4,0,17098,15.7302,9.551,0.7877,34.1462,979d3f8,2026-10-01T10:27:24
input_noise,0.4,grouped,8,1.0,0,0.4,0,17098,15.6011,9.4813,0.7911,34.1462,979d3f8,2026-10-01T10:27:45
input_noise,0.4,grouped,9,1.0,0,0.4,0,17098,15.735,9.54,0.7875,34.1462,979d3f8,2026-10-01T10:28:09
missing_frac,0.1,grouped,0,1.0,0,0,0.1,17098,11.5417,7.1712,0.8857,34.1462,979d3f8,2026-10-01T10:28:22
missing_frac,0.1,grouped,1,1.0,0,0,0.1,17098,11.7593,7.2505,0.8813,34.1462,979d3f8,2026-10-01T10:28:36
missing_frac,0.1,grouped,2,1.0,0,0,0.1,17098,11.694,7.2745,0.8827,34.1462,979d3f8,2026-10-01T10:28:49
missing_frac,0.1,grouped,3,1.0,0,0,0.1,17098,11.6711,7.2157,0.8831,34.1462,979d3f8,2026-10-01T10:29:03
missing_frac,0.1,grouped,4,1.0,0,0,0.1,17098,11.5424,7.1523,0.8857,34.1462,979d3f8,2026-10-01T10:29:20
missing_frac,0.1,grouped,5,1.0,0,0,0.1,17098,11.7314,7.2069,0.8819,34.1462,979d3f8,2026-10-01T10:29:36
missing_frac,0.1,grouped,6,1.0,0,0,0.1,17098,11.8719,7.2962,0.8791,34.1462,979d3f8,2026-10-01T10:29:49
missing_frac,0.1,grouped,7,1.0,0,0,0.1,17098,11.6267,7.2328,0.884,34.1462,979d3f8,2026-10-01T10:30:04
missing_frac,0.1,grouped,8,1.0,0,0,0.1,17098,11.8145,7.2589,0.8802,34.1462,979d3f8,2026-10-01T10:30:20
missing_frac,0.1,grouped,9,1.0,0,0,0.1,17098,11.9764,7.4055,0.8769,34.1462,979d3f8,2026-10-01T10:30:36
missing_frac,0.25,grouped,0,1.0,0,0,0.25,17098,13.1504,8.6694,0.8516,34.1462,979d3f8,2026-10-01T10:30:52
missing_frac,0.25,grouped,1,1.0,0,0,0.25,17098,13.3147,8.6744,0.8479,34.1462,979d3f8,2026-10-01T10:31:09
missing_frac,0.25,grouped,2,1.0,0,0,0.25,17098,13.0742,8.6457,0.8533,34.1462,979d3f8,2026-10-01T10:31:24
missing_frac,0.25,grouped,3,1.0,0,0,0.25,17098,13.381,8.6936,0.8464,34.1462,979d3f8,2026-10-01T10:31:40
missing_frac,0.25,grouped,4,1.0,0,0,0.25,17098,13.0365,8.6209,0.8542,34.1462,979d3f8,2026-10-01T10:31:58
missing_frac,0.25,grouped,5,1.0,0,0,0.25,17098,13.2247,8.6794,0.8499,34.1462,979d3f8,2026-10-01T10:32:14
missing_frac,0.25,grouped,6,1.0,0,0,0.25,17098,13.2539,8.6781,0.8493,34.1462,979d3f8,2026-10-01T10:32:28
missing_frac,0.25,grouped,7,1.0,0,0,0.25,17098,13.4444,8.8063,0.8449,34.1462,979d3f8,2026-10-01T10:32:43
missing_frac,0.25,grouped,8,1.0,0,0,0.25,17098,13.1893,8.668,0.8507,34.1462,979d3f8,2026-10-01T10:32:59
missing_frac,0.25,grouped,9,1.0,0,0,0.25,17098,13.3186,8.7576,0.8478,34.1462,979d3f8,2026-10-01T10:33:14
missing_frac,0.5,grouped,0,1.0,0,0,0.5,17098,15.5399,10.747,0.7928,34.1462,979d3f8,2026-10-01T10:33:28
missing_frac,0.5,grouped,1,1.0,0,0,0.5,17098,15.723,10.8303,0.7879,34.1462,979d3f8,2026-10-01T10:33:43
missing_frac,0.5,grouped,2,1.0,0,0,0.5,17098,15.6463,10.8151,0.7899,34.1462,979d3f8,2026-10-01T10:33:57
missing_frac,0.5,grouped,3,1.0,0,0,0.5,17098,15.7634,10.8132,0.7868,34.1462,979d3f8,2026-10-01T10:34:12
missing_frac,0.5,grouped,4,1.0,0,0,0.5,17098,15.4326,10.6796,0.7956,34.1462,979d3f8,2026-10-01T10:34:26
missing_frac,0.5,grouped,5,1.0,0,0,0.5,17098,15.8214,10.9759,0.7852,34.1462,979d3f8,2026-10-01T10:34:41
missing_frac,0.5,grouped,6,1.0,0,0,0.5,17098,15.7796,10.905,0.7863,34.1462,979d3f8,2026-10-01T10:34:56
missing_frac,0.5,grouped,7,1.0,0,0,0.5,17098,15.977,10.8513,0.781,34.1462,979d3f8,2026-10-01T10:35:11
missing_frac,0.5,grouped,8,1.0,0,0,0.5,17098,15.519,10.7298,0.7933,34.1462,979d3f8,2026-10-01T10:35:26
missing_frac,0.5,grouped,9,1.0,0,0,0.5,17098,15.8993,10.9311,0.7831,34.1462,979d3f8,2026-10-01T10:35:40
interaction,tf=0.1|ln=0.2,grouped,0,0.1,0.2,0,0,1710,14.2319,9.4644,0.8262,34.1462,979d3f8,2026-10-01T10:35:41
interaction,tf=0.1|ln=0.2,grouped,1,0.1,0.2,0,0,1710,13.7395,9.0899,0.838,34.1462,979d3f8,2026-10-01T10:35:42
interaction,tf=0.1|ln=0.2,grouped,2,0.1,0.2,0,0,1710,13.3196,9.012,0.8478,34.1462,979d3f8,2026-10-01T10:35:43
interaction,tf=0.1|ln=0.2,grouped,3,0.1,0.2,0,0,1710,14.2806,9.2451,0.825,34.1462,979d3f8,2026-10-01T10:35:44
interaction,tf=0.1|ln=0.2,grouped,4,0.1,0.2,0,0,1710,13.8913,9.2551,0.8344,34.1462,979d3f8,2026-10-01T10:35:46
interaction,tf=0.1|ln=0.2,grouped,5,0.1,0.2,0,0,1710,13.411,8.8536,0.8457,34.1462,979d3f8,2026-10-01T10:35:47
interaction,tf=0.1|ln=0.2,grouped,6,0.1,0.2,0,0,1710,13.663,8.9316,0.8398,34.1462,979d3f8,2026-10-01T10:35:48
interaction,tf=0.1|ln=0.2,grouped,7,0.1,0.2,0,0,1710,13.567,8.9443,0.8421,34.1462,979d3f8,2026-10-01T10:35:49
interaction,tf=0.1|ln=0.2,grouped,8,0.1,0.2,0,0,1710,13.6905,9.0928,0.8392,34.1462,979d3f8,2026-10-01T10:35:50
interaction,tf=0.1|ln=0.2,grouped,9,0.1,0.2,0,0,1710,13.3231,8.904,0.8477,34.1462,979d3f8,2026-10-01T10:35:51
interaction,tf=0.1|ln=0.4,grouped,0,0.1,0.4,0,0,1710,15.1748,10.5668,0.8024,34.1462,979d3f8,2026-10-01T10:35:52
interaction,tf=0.1|ln=0.4,grouped,1,0.1,0.4,0,0,1710,14.4317,10.0992,0.8213,34.1462,979d3f8,2026-10-01T10:35:53
interaction,tf=0.1|ln=0.4,grouped,2,0.1,0.4,0,0,1710,14.1223,10.1188,0.8289,34.1462,979d3f8,2026-10-01T10:35:55
interaction,tf=0.1|ln=0.4,grouped,3,0.1,0.4,0,0,1710,15.2663,10.3003,0.8,34.1462,979d3f8,2026-10-01T10:35:56
interaction,tf=0.1|ln=0.4,grouped,4,0.1,0.4,0,0,1710,14.6164,10.2458,0.8167,34.1462,979d3f8,2026-10-01T10:35:57
interaction,tf=0.1|ln=0.4,grouped,5,0.1,0.4,0,0,1710,14.0964,9.6962,0.8295,34.1462,979d3f8,2026-10-01T10:35:58
interaction,tf=0.1|ln=0.4,grouped,6,0.1,0.4,0,0,1710,14.2329,9.7834,0.8262,34.1462,979d3f8,2026-10-01T10:36:00
interaction,tf=0.1|ln=0.4,grouped,7,0.1,0.4,0,0,1710,14.2964,9.9366,0.8246,34.1462,979d3f8,2026-10-01T10:36:01
interaction,tf=0.1|ln=0.4,grouped,8,0.1,0.4,0,0,1710,14.3903,9.9571,0.8223,34.1462,979d3f8,2026-10-01T10:36:02
interaction,tf=0.1|ln=0.4,grouped,9,0.1,0.4,0,0,1710,14.0878,9.9307,0.8297,34.1462,979d3f8,2026-10-01T10:36:03
interaction,tf=0.5|ln=0.2,grouped,0,0.5,0.2,0,0,8549,11.7827,7.3886,0.8809,34.1462,979d3f8,2026-10-01T10:36:09
interaction,tf=0.5|ln=0.2,grouped,1,0.5,0.2,0,0,8549,11.5503,7.2573,0.8855,34.1462,979d3f8,2026-10-01T10:36:16
interaction,tf=0.5|ln=0.2,grouped,2,0.5,0.2,0,0,8549,11.4993,7.2216,0.8865,34.1462,979d3f8,2026-10-01T10:36:22
interaction,tf=0.5|ln=0.2,grouped,3,0.5,0.2,0,0,8549,11.7143,7.3225,0.8822,34.1462,979d3f8,2026-10-01T10:36:29
interaction,tf=0.5|ln=0.2,grouped,4,0.5,0.2,0,0,8549,11.6981,7.3465,0.8826,34.1462,979d3f8,2026-10-01T10:36:37
interaction,tf=0.5|ln=0.2,grouped,5,0.5,0.2,0,0,8549,11.8398,7.2631,0.8797,34.1462,979d3f8,2026-10-01T10:36:44
interaction,tf=0.5|ln=0.2,grouped,6,0.5,0.2,0,0,8549,11.0772,7.1313,0.8947,34.1462,979d3f8,2026-10-01T10:36:51
interaction,tf=0.5|ln=0.2,grouped,7,0.5,0.2,0,0,8549,11.1529,7.1151,0.8933,34.1462,979d3f8,2026-10-01T10:36:58
interaction,tf=0.5|ln=0.2,grouped,8,0.5,0.2,0,0,8549,11.1684,7.1186,0.893,34.1462,979d3f8,2026-10-01T10:37:04
interaction,tf=0.5|ln=0.2,grouped,9,0.5,0.2,0,0,8549,11.3286,7.1436,0.8899,34.1462,979d3f8,2026-10-01T10:37:10
interaction,tf=0.5|ln=0.4,grouped,0,0.5,0.4,0,0,8549,12.8085,8.7542,0.8592,34.1462,979d3f8,2026-10-01T10:37:16
interaction,tf=0.5|ln=0.4,grouped,1,0.5,0.4,0,0,8549,12.584,8.5828,0.8641,34.1462,979d3f8,2026-10-01T10:37:22
interaction,tf=0.5|ln=0.4,grouped,2,0.5,0.4,0,0,8549,12.6593,8.634,0.8625,34.1462,979d3f8,2026-10-01T10:37:29
interaction,tf=0.5|ln=0.4,grouped,3,0.5,0.4,0,0,8549,13.1291,8.7358,0.8521,34.1462,979d3f8,2026-10-01T10:37:35
interaction,tf=0.5|ln=0.4,grouped,4,0.5,0.4,0,0,8549,12.6716,8.7306,0.8622,34.1462,979d3f8,2026-10-01T10:37:42
interaction,tf=0.5|ln=0.4,grouped,5,0.5,0.4,0,0,8549,12.6377,8.5198,0.863,34.1462,979d3f8,2026-10-01T10:37:48
interaction,tf=0.5|ln=0.4,grouped,6,0.5,0.4,0,0,8549,12.2432,8.5637,0.8714,34.1462,979d3f8,2026-10-01T10:37:55
interaction,tf=0.5|ln=0.4,grouped,7,0.5,0.4,0,0,8549,12.1736,8.4547,0.8728,34.1462,979d3f8,2026-10-01T10:38:01
interaction,tf=0.5|ln=0.4,grouped,8,0.5,0.4,0,0,8549,12.3942,8.5229,0.8682,34.1462,979d3f8,2026-10-01T10:38:08
interaction,tf=0.5|ln=0.4,grouped,9,0.5,0.4,0,0,8549,12.3139,8.4664,0.8699,34.1462,979d3f8,2026-10-01T10:38:14
train_fraction,0.02,ood,0,0.02,0,0,0,340,46.0978,42.4737,-11.0763,72.3504,979d3f8,2026-10-01T10:38:14
train_fraction,0.02,ood,1,0.02,0,0,0,340,48.6009,45.7295,-12.4234,72.3504,979d3f8,2026-10-01T10:38:15
train_fraction,0.02,ood,2,0.02,0,0,0,340,46.384,42.5454,-11.2267,72.3504,979d3f8,2026-10-01T10:38:15
train_fraction,0.02,ood,3,0.02,0,0,0,340,45.6728,42.5538,-10.8547,72.3504,979d3f8,2026-10-01T10:38:15
train_fraction,0.02,ood,4,0.02,0,0,0,340,46.7644,41.6804,-11.4281,72.3504,979d3f8,2026-10-01T10:38:16
train_fraction,0.02,ood,5,0.02,0,0,0,340,46.5372,44.3483,-11.3076,72.3504,979d3f8,2026-10-01T10:38:16
train_fraction,0.02,ood,6,0.02,0,0,0,340,44.1397,41.0016,-10.0722,72.3504,979d3f8,2026-10-01T10:38:16
train_fraction,0.02,ood,7,0.02,0,0,0,340,46.8875,43.8577,-11.4936,72.3504,979d3f8,2026-10-01T10:38:17
train_fraction,0.02,ood,8,0.02,0,0,0,340,46.1899,42.7403,-11.1246,72.3504,979d3f8,2026-10-01T10:38:17
train_fraction,0.02,ood,9,0.02,0,0,0,340,44.9428,41.9114,-10.4787,72.3504,979d3f8,2026-10-01T10:38:17
train_fraction,0.05,ood,0,0.05,0,0,0,851,41.0637,38.2174,-8.5828,72.3504,979d3f8,2026-10-01T10:38:18
train_fraction,0.05,ood,1,0.05,0,0,0,851,44.4745,41.1985,-10.2408,72.3504,979d3f8,2026-10-01T10:38:18
train_fraction,0.05,ood,2,0.05,0,0,0,851,43.2564,39.8059,-9.6335,72.3504,979d3f8,2026-10-01T10:38:19
train_fraction,0.05,ood,3,0.05,0,0,0,851,42.4124,38.6146,-9.2226,72.3504,979d3f8,2026-10-01T10:38:19
train_fraction,0.05,ood,4,0.05,0,0,0,851,43.6923,40.4182,-9.8488,72.3504,979d3f8,2026-10-01T10:38:20
train_fraction,0.05,ood,5,0.05,0,0,0,851,45.4355,41.332,-10.7318,72.3504,979d3f8,2026-10-01T10:38:20
train_fraction,0.05,ood,6,0.05,0,0,0,851,42.5648,39.3975,-9.2961,72.3504,979d3f8,2026-10-01T10:38:21
train_fraction,0.05,ood,7,0.05,0,0,0,851,43.8771,40.4696,-9.9408,72.3504,979d3f8,2026-10-01T10:38:21
train_fraction,0.05,ood,8,0.05,0,0,0,851,43.4967,39.9225,-9.752,72.3504,979d3f8,2026-10-01T10:38:22
train_fraction,0.05,ood,9,0.05,0,0,0,851,40.8421,36.8781,-8.4796,72.3504,979d3f8,2026-10-01T10:38:22
train_fraction,0.1,ood,0,0.1,0,0,0,1701,42.7961,39.4485,-9.4083,72.3504,979d3f8,2026-10-01T10:38:23
train_fraction,0.1,ood,1,0.1,0,0,0,1701,41.6923,38.1403,-8.8784,72.3504,979d3f8,2026-10-01T10:38:24
train_fraction,0.1,ood,2,0.1,0,0,0,1701,42.15,38.6163,-9.0964,72.3504,979d3f8,2026-10-01T10:38:25
train_fraction,0.1,ood,3,0.1,0,0,0,1701,40.8527,36.7334,-8.4845,72.3504,979d3f8,2026-10-01T10:38:26
train_fraction,0.1,ood,4,0.1,0,0,0,1701,43.1997,39.3115,-9.6056,72.3504,979d3f8,2026-10-01T10:38:27
train_fraction,0.1,ood,5,0.1,0,0,0,1701,45.3303,41.1765,-10.6776,72.3504,979d3f8,2026-10-01T10:38:28
train_fraction,0.1,ood,6,0.1,0,0,0,1701,41.5248,38.0992,-8.7992,72.3504,979d3f8,2026-10-01T10:38:30
train_fraction,0.1,ood,7,0.1,0,0,0,1701,40.7751,37.0771,-8.4485,72.3504,979d3f8,2026-10-01T10:38:31
train_fraction,0.1,ood,8,0.1,0,0,0,1701,42.3198,38.442,-9.178,72.3504,979d3f8,2026-10-01T10:38:32
train_fraction,0.1,ood,9,0.1,0,0,0,1701,41.0825,37.1093,-8.5915,72.3504,979d3f8,2026-10-01T10:38:33
train_fraction,0.25,ood,0,0.25,0,0,0,4254,41.9777,38.3478,-9.0141,72.3504,979d3f8,2026-10-01T10:38:36
train_fraction,0.25,ood,1,0.25,0,0,0,4254,41.1745,37.2976,-8.6345,72.3504,979d3f8,2026-10-01T10:38:39
train_fraction,0.25,ood,2,0.25,0,0,0,4254,40.4616,36.158,-8.3038,72.3504,979d3f8,2026-10-01T10:38:42
train_fraction,0.25,ood,3,0.25,0,0,0,4254,41.4176,36.9153,-8.7486,72.3504,979d3f8,2026-10-01T10:38:45
train_fraction,0.25,ood,4,0.25,0,0,0,4254,40.6002,36.6961,-8.3677,72.3504,979d3f8,2026-10-01T10:38:48
train_fraction,0.25,ood,5,0.25,0,0,0,4254,40.5795,36.0595,-8.3581,72.3504,979d3f8,2026-10-01T10:38:51
train_fraction,0.25,ood,6,0.25,0,0,0,4254,39.4668,35.5861,-7.8519,72.3504,979d3f8,2026-10-01T10:38:53
train_fraction,0.25,ood,7,0.25,0,0,0,4254,40.456,36.3061,-8.3012,72.3504,979d3f8,2026-10-01T10:38:56
train_fraction,0.25,ood,8,0.25,0,0,0,4254,40.4064,36.659,-8.2785,72.3504,979d3f8,2026-10-01T10:38:59
train_fraction,0.25,ood,9,0.25,0,0,0,4254,40.9644,36.7388,-8.5364,72.3504,979d3f8,2026-10-01T10:39:02
train_fraction,0.5,ood,0,0.5,0,0,0,8507,40.0505,35.9821,-8.1157,72.3504,979d3f8,2026-10-01T10:39:08
train_fraction,0.5,ood,1,0.5,0,0,0,8507,40.0108,35.7202,-8.0976,72.3504,979d3f8,2026-10-01T10:39:14
train_fraction,0.5,ood,2,0.5,0,0,0,8507,39.3596,34.9099,-7.8039,72.3504,979d3f8,2026-10-01T10:39:20
train_fraction,0.5,ood,3,0.5,0,0,0,8507,39.7923,35.1225,-7.9985,72.3504,979d3f8,2026-10-01T10:39:25
train_fraction,0.5,ood,4,0.5,0,0,0,8507,39.8168,35.3981,-8.0096,72.3504,979d3f8,2026-10-01T10:39:31
train_fraction,0.5,ood,5,0.5,0,0,0,8507,39.8478,35.4401,-8.0237,72.3504,979d3f8,2026-10-01T10:39:37
train_fraction,0.5,ood,6,0.5,0,0,0,8507,39.2668,35.1202,-7.7624,72.3504,979d3f8,2026-10-01T10:39:43
train_fraction,0.5,ood,7,0.5,0,0,0,8507,40.3971,35.8686,-8.2741,72.3504,979d3f8,2026-10-01T10:39:49
train_fraction,0.5,ood,8,0.5,0,0,0,8507,39.9699,35.6473,-8.079,72.3504,979d3f8,2026-10-01T10:39:55
train_fraction,0.5,ood,9,0.5,0,0,0,8507,40.5325,36.0687,-8.3364,72.3504,979d3f8,2026-10-01T10:40:02
train_fraction,1.0,ood,0,1.0,0,0,0,17014,39.1925,34.4388,-7.7293,72.3504,979d3f8,2026-10-01T10:40:14
train_fraction,1.0,ood,1,1.0,0,0,0,17014,39.2136,34.4644,-7.7387,72.3504,979d3f8,2026-10-01T10:40:25
train_fraction,1.0,ood,2,1.0,0,0,0,17014,39.1423,34.4044,-7.707,72.3504,979d3f8,2026-10-01T10:40:36
train_fraction,1.0,ood,3,1.0,0,0,0,17014,39.1708,34.4336,-7.7197,72.3504,979d3f8,2026-10-01T10:40:48
train_fraction,1.0,ood,4,1.0,0,0,0,17014,39.0525,34.3173,-7.6671,72.3504,979d3f8,2026-10-01T10:41:00
train_fraction,1.0,ood,5,1.0,0,0,0,17014,39.1112,34.359,-7.6931,72.3504,979d3f8,2026-10-01T10:41:13
train_fraction,1.0,ood,6,1.0,0,0,0,17014,39.1125,34.3911,-7.6937,72.3504,979d3f8,2026-10-01T10:41:25
train_fraction,1.0,ood,7,1.0,0,0,0,17014,39.0734,34.3761,-7.6764,72.3504,979d3f8,2026-10-01T10:41:36
train_fraction,1.0,ood,8,1.0,0,0,0,17014,39.245,34.4801,-7.7527,72.3504,979d3f8,2026-10-01T10:41:48
train_fraction,1.0,ood,9,1.0,0,0,0,17014,39.342,34.5396,-7.7961,72.3504,979d3f8,2026-10-01T10:42:01
label_noise,0.05,ood,0,1.0,0.05,0,0,17014,39.2457,34.4384,-7.753,72.3504,979d3f8,2026-10-01T10:42:13
label_noise,0.05,ood,1,1.0,0.05,0,0,17014,39.0915,34.3693,-7.6844,72.3504,979d3f8,2026-10-01T10:42:25
label_noise,0.05,ood,2,1.0,0.05,0,0,17014,39.1552,34.4291,-7.7127,72.3504,979d3f8,2026-10-01T10:42:36
label_noise,0.05,ood,3,1.0,0.05,0,0,17014,39.1519,34.3949,-7.7112,72.3504,979d3f8,2026-10-01T10:42:49
label_noise,0.05,ood,4,1.0,0.05,0,0,17014,39.1596,34.3737,-7.7147,72.3504,979d3f8,2026-10-01T10:43:01
label_noise,0.05,ood,5,1.0,0.05,0,0,17014,39.1496,34.4166,-7.7102,72.3504,979d3f8,2026-10-01T10:43:14
label_noise,0.05,ood,6,1.0,0.05,0,0,17014,39.0837,34.3649,-7.6809,72.3504,979d3f8,2026-10-01T10:43:26
label_noise,0.05,ood,7,1.0,0.05,0,0,17014,39.034,34.3289,-7.6588,72.3504,979d3f8,2026-10-01T10:43:39
label_noise,0.05,ood,8,1.0,0.05,0,0,17014,39.2862,34.5283,-7.7711,72.3504,979d3f8,2026-10-01T10:43:50
label_noise,0.05,ood,9,1.0,0.05,0,0,17014,39.3977,34.602,-7.821,72.3504,979d3f8,2026-10-01T10:44:01
label_noise,0.1,ood,0,1.0,0.1,0,0,17014,39.1463,34.4106,-7.7088,72.3504,979d3f8,2026-10-01T10:44:12
label_noise,0.1,ood,1,1.0,0.1,0,0,17014,39.1264,34.3742,-7.6999,72.3504,979d3f8,2026-10-01T10:44:24
label_noise,0.1,ood,2,1.0,0.1,0,0,17014,39.1915,34.4256,-7.7289,72.3504,979d3f8,2026-10-01T10:44:37
label_noise,0.1,ood,3,1.0,0.1,0,0,17014,39.1344,34.3613,-7.7035,72.3504,979d3f8,2026-10-01T10:44:50
label_noise,0.1,ood,4,1.0,0.1,0,0,17014,39.0102,34.2345,-7.6483,72.3504,979d3f8,2026-10-01T10:45:03
label_noise,0.1,ood,5,1.0,0.1,0,0,17014,39.1841,34.4582,-7.7256,72.3504,979d3f8,2026-10-01T10:45:16
label_noise,0.1,ood,6,1.0,0.1,0,0,17014,39.056,34.3624,-7.6686,72.3504,979d3f8,2026-10-01T10:45:28
label_noise,0.1,ood,7,1.0,0.1,0,0,17014,39.0847,34.3396,-7.6814,72.3504,979d3f8,2026-10-01T10:45:39
label_noise,0.1,ood,8,1.0,0.1,0,0,17014,39.3353,34.5278,-7.7931,72.3504,979d3f8,2026-10-01T10:45:51
label_noise,0.1,ood,9,1.0,0.1,0,0,17014,39.5261,34.725,-7.8785,72.3504,979d3f8,2026-10-01T10:46:03
label_noise,0.2,ood,0,1.0,0.2,0,0,17014,39.1892,34.4469,-7.7279,72.3504,979d3f8,2026-10-01T10:46:15
label_noise,0.2,ood,1,1.0,0.2,0,0,17014,38.9474,34.2883,-7.6205,72.3504,979d3f8,2026-10-01T10:46:28
label_noise,0.2,ood,2,1.0,0.2,0,0,17014,39.1157,34.3272,-7.6952,72.3504,979d3f8,2026-10-01T10:46:40
label_noise,0.2,ood,3,1.0,0.2,0,0,17014,39.1039,34.2773,-7.6899,72.3504,979d3f8,2026-10-01T10:46:53
label_noise,0.2,ood,4,1.0,0.2,0,0,17014,39.0328,34.1702,-7.6583,72.3504,979d3f8,2026-10-01T10:47:05
label_noise,0.2,ood,5,1.0,0.2,0,0,17014,39.0909,34.3888,-7.6841,72.3504,979d3f8,2026-10-01T10:47:16
label_noise,0.2,ood,6,1.0,0.2,0,0,17014,39.061,34.3641,-7.6708,72.3504,979d3f8,2026-10-01T10:47:26
label_noise,0.2,ood,7,1.0,0.2,0,0,17014,39.0736,34.3317,-7.6764,72.3504,979d3f8,2026-10-01T10:47:36
label_noise,0.2,ood,8,1.0,0.2,0,0,17014,39.4528,34.6286,-7.8457,72.3504,979d3f8,2026-10-01T10:47:46
label_noise,0.2,ood,9,1.0,0.2,0,0,17014,39.4231,34.7132,-7.8323,72.3504,979d3f8,2026-10-01T10:47:56
label_noise,0.4,ood,0,1.0,0.4,0,0,17014,39.1265,34.4375,-7.6999,72.3504,979d3f8,2026-10-01T10:48:05
label_noise,0.4,ood,1,1.0,0.4,0,0,17014,38.9033,34.2194,-7.601,72.3504,979d3f8,2026-10-01T10:48:15
label_noise,0.4,ood,2,1.0,0.4,0,0,17014,39.0433,34.2005,-7.663,72.3504,979d3f8,2026-10-01T10:48:25
label_noise,0.4,ood,3,1.0,0.4,0,0,17014,39.157,34.1472,-7.7135,72.3504,979d3f8,2026-10-01T10:48:35
label_noise,0.4,ood,4,1.0,0.4,0,0,17014,39.1148,34.0484,-7.6947,72.3504,979d3f8,2026-10-01T10:48:45
label_noise,0.4,ood,5,1.0,0.4,0,0,17014,39.1034,34.3789,-7.6897,72.3504,979d3f8,2026-10-01T10:48:55
label_noise,0.4,ood,6,1.0,0.4,0,0,17014,39.0111,34.2374,-7.6487,72.3504,979d3f8,2026-10-01T10:49:05
label_noise,0.4,ood,7,1.0,0.4,0,0,17014,38.9731,34.1415,-7.6319,72.3504,979d3f8,2026-10-01T10:49:16
label_noise,0.4,ood,8,1.0,0.4,0,0,17014,39.6519,34.7859,-7.9352,72.3504,979d3f8,2026-10-01T10:49:26
label_noise,0.4,ood,9,1.0,0.4,0,0,17014,39.4548,34.8248,-7.8465,72.3504,979d3f8,2026-10-01T10:49:36
input_noise,0.05,ood,0,1.0,0,0.05,0,17014,39.3096,35.1067,-7.7816,72.3504,979d3f8,2026-10-01T10:49:49
input_noise,0.05,ood,1,1.0,0,0.05,0,17014,39.4249,35.2086,-7.8331,72.3504,979d3f8,2026-10-01T10:50:03
input_noise,0.05,ood,2,1.0,0,0.05,0,17014,39.4173,35.2378,-7.8297,72.3504,979d3f8,2026-10-01T10:50:16
input_noise,0.05,ood,3,1.0,0,0.05,0,17014,39.227,34.9857,-7.7447,72.3504,979d3f8,2026-10-01T10:50:31
input_noise,0.05,ood,4,1.0,0,0.05,0,17014,39.3516,35.1023,-7.8003,72.3504,979d3f8,2026-10-01T10:50:47
input_noise,0.05,ood,5,1.0,0,0.05,0,17014,39.42,35.1815,-7.831,72.3504,979d3f8,2026-10-01T10:51:01
input_noise,0.05,ood,6,1.0,0,0.05,0,17014,39.141,34.7776,-7.7064,72.3504,979d3f8,2026-10-01T10:51:15
input_noise,0.05,ood,7,1.0,0,0.05,0,17014,39.3793,35.0887,-7.8127,72.3504,979d3f8,2026-10-01T10:51:29
input_noise,0.05,ood,8,1.0,0,0.05,0,17014,39.136,34.7921,-7.7042,72.3504,979d3f8,2026-10-01T10:51:43
input_noise,0.05,ood,9,1.0,0,0.05,0,17014,39.0158,34.6966,-7.6508,72.3504,979d3f8,2026-10-01T10:51:58
input_noise,0.1,ood,0,1.0,0,0.1,0,17014,40.0378,36.1151,-8.1099,72.3504,979d3f8,2026-10-01T10:52:12
input_noise,0.1,ood,1,1.0,0,0.1,0,17014,39.6611,35.802,-7.9393,72.3504,979d3f8,2026-10-01T10:57:27
input_noise,0.1,ood,2,1.0,0,0.1,0,17014,39.8158,36.1206,-8.0092,72.3504,979d3f8,2026-10-01T11:00:13
input_noise,0.1,ood,3,1.0,0,0.1,0,17014,39.4662,35.644,-7.8517,72.3504,979d3f8,2026-10-01T11:00:26
input_noise,0.1,ood,4,1.0,0,0.1,0,17014,39.7733,35.8212,-7.9899,72.3504,979d3f8,2026-10-01T11:00:39
input_noise,0.1,ood,5,1.0,0,0.1,0,17014,39.8031,36.0884,-8.0034,72.3504,979d3f8,2026-10-01T11:00:52
input_noise,0.1,ood,6,1.0,0,0.1,0,17014,39.2618,35.1869,-7.7602,72.3504,979d3f8,2026-10-01T11:01:04
input_noise,0.1,ood,7,1.0,0,0.1,0,17014,39.4127,35.5626,-7.8277,72.3504,979d3f8,2026-10-01T11:01:18
input_noise,0.1,ood,8,1.0,0,0.1,0,17014,39.3911,35.49,-7.818,72.3504,979d3f8,2026-10-01T11:02:17
input_noise,0.1,ood,9,1.0,0,0.1,0,17014,39.3425,35.4599,-7.7963,72.3504,979d3f8,2026-10-01T11:02:32
input_noise,0.2,ood,0,1.0,0,0.2,0,17014,39.3532,35.8342,-7.8011,72.3504,979d3f8,2026-10-01T11:02:46
input_noise,0.2,ood,1,1.0,0,0.2,0,17014,39.9151,36.3607,-8.0542,72.3504,979d3f8,2026-10-01T11:03:01
input_noise,0.2,ood,2,1.0,0,0.2,0,17014,40.7891,37.6395,-8.455,72.3504,979d3f8,2026-10-01T11:03:19
input_noise,0.2,ood,3,1.0,0,0.2,0,17014,40.0355,36.5679,-8.1089,72.3504,979d3f8,2026-10-01T11:03:37
input_noise,0.2,ood,4,1.0,0,0.2,0,17014,40.0635,36.6837,-8.1216,72.3504,979d3f8,2026-10-01T11:03:55
input_noise,0.2,ood,5,1.0,0,0.2,0,17014,39.8491,36.6294,-8.0242,72.3504,979d3f8,2026-10-01T11:04:11
input_noise,0.2,ood,6,1.0,0,0.2,0,17014,39.371,35.8131,-7.809,72.3504,979d3f8,2026-10-01T11:04:28
input_noise,0.2,ood,7,1.0,0,0.2,0,17014,39.6442,36.2745,-7.9317,72.3504,979d3f8,2026-10-01T11:04:44
input_noise,0.2,ood,8,1.0,0,0.2,0,17014,39.8823,36.3463,-8.0393,72.3504,979d3f8,2026-10-01T11:05:00
input_noise,0.2,ood,9,1.0,0,0.2,0,17014,39.6104,36.4009,-7.9165,72.3504,979d3f8,2026-10-01T11:05:18
input_noise,0.4,ood,0,1.0,0,0.4,0,17014,39.5744,36.6456,-7.9003,72.3504,979d3f8,2026-10-01T11:05:35
input_noise,0.4,ood,1,1.0,0,0.4,0,17014,39.9218,36.8713,-8.0572,72.3504,979d3f8,2026-10-01T11:05:52
input_noise,0.4,ood,2,1.0,0,0.4,0,17014,40.0015,37.1736,-8.0934,72.3504,979d3f8,2026-10-01T11:06:09
input_noise,0.4,ood,3,1.0,0,0.4,0,17014,39.4667,36.4758,-7.8519,72.3504,979d3f8,2026-10-01T11:06:26
input_noise,0.4,ood,4,1.0,0,0.4,0,17014,40.323,37.6028,-8.2402,72.3504,979d3f8,2026-10-01T11:06:44
input_noise,0.4,ood,5,1.0,0,0.4,0,17014,39.6663,36.6625,-7.9417,72.3504,979d3f8,2026-10-01T11:07:01
input_noise,0.4,ood,6,1.0,0,0.4,0,17014,39.1771,36.2079,-7.7224,72.3504,979d3f8,2026-10-01T11:07:18
input_noise,0.4,ood,7,1.0,0,0.4,0,17014,40.2092,37.3307,-8.1881,72.3504,979d3f8,2026-10-01T11:07:35
input_noise,0.4,ood,8,1.0,0,0.4,0,17014,39.6962,36.8728,-7.9551,72.3504,979d3f8,2026-10-01T11:07:51
input_noise,0.4,ood,9,1.0,0,0.4,0,17014,39.4394,36.5838,-7.8397,72.3504,979d3f8,2026-10-01T11:10:08
missing_frac,0.1,ood,0,1.0,0,0,0.1,17014,41.614,37.7578,-8.8413,72.3504,979d3f8,2026-10-01T11:10:19
missing_frac,0.1,ood,1,1.0,0,0,0.1,17014,41.6503,37.8275,-8.8585,72.3504,979d3f8,2026-10-01T11:10:30
missing_frac,0.1,ood,2,1.0,0,0,0.1,17014,41.7419,37.9692,-8.9019,72.3504,979d3f8,2026-10-01T11:10:41
missing_frac,0.1,ood,3,1.0,0,0,0.1,17014,41.681,37.8714,-8.873,72.3504,979d3f8,2026-10-01T11:10:52
missing_frac,0.1,ood,4,1.0,0,0,0.1,17014,41.5637,37.8095,-8.8175,72.3504,979d3f8,2026-10-01T11:11:05
missing_frac,0.1,ood,5,1.0,0,0,0.1,17014,41.5528,37.8314,-8.8124,72.3504,979d3f8,2026-10-01T11:11:17
missing_frac,0.1,ood,6,1.0,0,0,0.1,17014,41.5074,37.7602,-8.791,72.3504,979d3f8,2026-10-01T11:11:32
missing_frac,0.1,ood,7,1.0,0,0,0.1,17014,41.473,37.7188,-8.7747,72.3504,979d3f8,2026-10-01T11:11:47
missing_frac,0.1,ood,8,1.0,0,0,0.1,17014,41.6122,37.8712,-8.8405,72.3504,979d3f8,2026-10-01T11:12:02
missing_frac,0.1,ood,9,1.0,0,0,0.1,17014,41.6984,37.9823,-8.8813,72.3504,979d3f8,2026-10-01T11:12:15
missing_frac,0.25,ood,0,1.0,0,0,0.25,17014,43.9565,40.7724,-9.9805,72.3504,979d3f8,2026-10-01T11:12:30
missing_frac,0.25,ood,1,1.0,0,0,0.25,17014,43.6065,40.446,-9.8063,72.3504,979d3f8,2026-10-01T11:12:44
missing_frac,0.25,ood,2,1.0,0,0,0.25,17014,43.8175,40.697,-9.9111,72.3504,979d3f8,2026-10-01T11:12:59
missing_frac,0.25,ood,3,1.0,0,0,0.25,17014,44.0288,40.8389,-10.0166,72.3504,979d3f8,2026-10-01T11:13:14
missing_frac,0.25,ood,4,1.0,0,0,0.25,17014,43.7317,40.5927,-9.8684,72.3504,979d3f8,2026-10-01T11:13:28
missing_frac,0.25,ood,5,1.0,0,0,0.25,17014,43.6504,40.4833,-9.828,72.3504,979d3f8,2026-10-01T11:13:43
missing_frac,0.25,ood,6,1.0,0,0,0.25,17014,43.6329,40.5539,-9.8194,72.3504,979d3f8,2026-10-01T11:13:59
missing_frac,0.25,ood,7,1.0,0,0,0.25,17014,43.7184,40.5381,-9.8618,72.3504,979d3f8,2026-10-01T11:14:15
missing_frac,0.25,ood,8,1.0,0,0,0.25,17014,43.7982,40.6545,-9.9015,72.3504,979d3f8,2026-10-01T11:14:29
missing_frac,0.25,ood,9,1.0,0,0,0.25,17014,43.537,40.3313,-9.7719,72.3504,979d3f8,2026-10-01T11:14:43
missing_frac,0.5,ood,0,1.0,0,0,0.5,17014,46.7301,44.0766,-11.4099,72.3504,979d3f8,2026-10-01T11:14:56
missing_frac,0.5,ood,1,1.0,0,0,0.5,17014,46.7264,44.0347,-11.4079,72.3504,979d3f8,2026-10-01T11:15:10
missing_frac,0.5,ood,2,1.0,0,0,0.5,17014,46.6831,43.9335,-11.3849,72.3504,979d3f8,2026-10-01T11:15:25
missing_frac,0.5,ood,3,1.0,0,0,0.5,17014,47.0113,44.3613,-11.5597,72.3504,979d3f8,2026-10-01T11:15:38
missing_frac,0.5,ood,4,1.0,0,0,0.5,17014,46.8095,44.1743,-11.4521,72.3504,979d3f8,2026-10-01T11:15:52
missing_frac,0.5,ood,5,1.0,0,0,0.5,17014,46.4596,43.7924,-11.2666,72.3504,979d3f8,2026-10-01T11:16:07
missing_frac,0.5,ood,6,1.0,0,0,0.5,17014,46.6486,44.0495,-11.3666,72.3504,979d3f8,2026-10-01T11:16:22
missing_frac,0.5,ood,7,1.0,0,0,0.5,17014,46.6352,43.9413,-11.3595,72.3504,979d3f8,2026-10-01T11:16:36
missing_frac,0.5,ood,8,1.0,0,0,0.5,17014,47.0268,44.3606,-11.568,72.3504,979d3f8,2026-10-01T11:16:50
missing_frac,0.5,ood,9,1.0,0,0,0.5,17014,46.7196,44.093,-11.4043,72.3504,979d3f8,2026-10-01T11:17:04
interaction,tf=0.1|ln=0.2,ood,0,0.1,0.2,0,0,1701,43.1036,39.6901,-9.5585,72.3504,979d3f8,2026-10-01T11:17:05
interaction,tf=0.1|ln=0.2,ood,1,0.1,0.2,0,0,1701,41.5012,37.8835,-8.788,72.3504,979d3f8,2026-10-01T11:17:06
interaction,tf=0.1|ln=0.2,ood,2,0.1,0.2,0,0,1701,42.0827,38.4908,-9.0643,72.3504,979d3f8,2026-10-01T11:17:08
interaction,tf=0.1|ln=0.2,ood,3,0.1,0.2,0,0,1701,41.1039,36.8728,-8.6015,72.3504,979d3f8,2026-10-01T11:17:09
interaction,tf=0.1|ln=0.2,ood,4,0.1,0.2,0,0,1701,43.4778,39.6871,-9.7426,72.3504,979d3f8,2026-10-01T11:17:10
interaction,tf=0.1|ln=0.2,ood,5,0.1,0.2,0,0,1701,45.5714,41.3932,-10.8021,72.3504,979d3f8,2026-10-01T11:17:11
interaction,tf=0.1|ln=0.2,ood,6,0.1,0.2,0,0,1701,41.7641,38.3249,-8.9124,72.3504,979d3f8,2026-10-01T11:17:12
interaction,tf=0.1|ln=0.2,ood,7,0.1,0.2,0,0,1701,40.4589,36.5916,-8.3026,72.3504,979d3f8,2026-10-01T11:17:14
interaction,tf=0.1|ln=0.2,ood,8,0.1,0.2,0,0,1701,42.4484,38.7002,-9.2399,72.3504,979d3f8,2026-10-01T11:17:15
interaction,tf=0.1|ln=0.2,ood,9,0.1,0.2,0,0,1701,41.3076,37.1919,-8.6969,72.3504,979d3f8,2026-10-01T11:17:16
interaction,tf=0.1|ln=0.4,ood,0,0.1,0.4,0,0,1701,43.4614,40.0303,-9.7345,72.3504,979d3f8,2026-10-01T11:17:17
interaction,tf=0.1|ln=0.4,ood,1,0.1,0.4,0,0,1701,41.1715,37.4911,-8.6331,72.3504,979d3f8,2026-10-01T11:17:18
interaction,tf=0.1|ln=0.4,ood,2,0.1,0.4,0,0,1701,41.7527,38.1817,-8.907,72.3504,979d3f8,2026-10-01T11:17:19
interaction,tf=0.1|ln=0.4,ood,3,0.1,0.4,0,0,1701,41.3437,37.012,-8.7139,72.3504,979d3f8,2026-10-01T11:17:20
interaction,tf=0.1|ln=0.4,ood,4,0.1,0.4,0,0,1701,43.6961,39.9612,-9.8507,72.3504,979d3f8,2026-10-01T11:17:21
interaction,tf=0.1|ln=0.4,ood,5,0.1,0.4,0,0,1701,45.6513,41.3641,-10.8435,72.3504,979d3f8,2026-10-01T11:17:22
interaction,tf=0.1|ln=0.4,ood,6,0.1,0.4,0,0,1701,41.6519,38.2327,-8.8593,72.3504,979d3f8,2026-10-01T11:17:24
interaction,tf=0.1|ln=0.4,ood,7,0.1,0.4,0,0,1701,40.0815,36.0712,-8.1298,72.3504,979d3f8,2026-10-01T11:17:25
interaction,tf=0.1|ln=0.4,ood,8,0.1,0.4,0,0,1701,42.7247,39.0044,-9.3737,72.3504,979d3f8,2026-10-01T11:17:26
interaction,tf=0.1|ln=0.4,ood,9,0.1,0.4,0,0,1701,41.4186,37.279,-8.7491,72.3504,979d3f8,2026-10-01T11:17:27
interaction,tf=0.5|ln=0.2,ood,0,0.5,0.2,0,0,8507,40.3923,36.3763,-8.272,72.3504,979d3f8,2026-10-01T11:17:33
interaction,tf=0.5|ln=0.2,ood,1,0.5,0.2,0,0,8507,39.797,35.5226,-8.0007,72.3504,979d3f8,2026-10-01T11:17:39
interaction,tf=0.5|ln=0.2,ood,2,0.5,0.2,0,0,8507,39.1741,34.7832,-7.7211,72.3504,979d3f8,2026-10-01T11:17:46
interaction,tf=0.5|ln=0.2,ood,3,0.5,0.2,0,0,8507,39.5632,34.849,-7.8952,72.3504,979d3f8,2026-10-01T11:17:53
interaction,tf=0.5|ln=0.2,ood,4,0.5,0.2,0,0,8507,39.5315,35.0861,-7.881,72.3504,979d3f8,2026-10-01T11:18:00
interaction,tf=0.5|ln=0.2,ood,5,0.5,0.2,0,0,8507,39.8623,35.4889,-8.0303,72.3504,979d3f8,2026-10-01T11:18:07
interaction,tf=0.5|ln=0.2,ood,6,0.5,0.2,0,0,8507,39.3703,35.2298,-7.8087,72.3504,979d3f8,2026-10-01T11:18:14
interaction,tf=0.5|ln=0.2,ood,7,0.5,0.2,0,0,8507,40.3212,35.8431,-8.2393,72.3504,979d3f8,2026-10-01T11:18:20
interaction,tf=0.5|ln=0.2,ood,8,0.5,0.2,0,0,8507,40.2102,35.8683,-8.1885,72.3504,979d3f8,2026-10-01T11:18:27
interaction,tf=0.5|ln=0.2,ood,9,0.5,0.2,0,0,8507,40.5195,36.1054,-8.3305,72.3504,979d3f8,2026-10-01T11:18:33
interaction,tf=0.5|ln=0.4,ood,0,0.5,0.4,0,0,8507,40.6657,36.6827,-8.3979,72.3504,979d3f8,2026-10-01T11:18:39
interaction,tf=0.5|ln=0.4,ood,1,0.5,0.4,0,0,8507,39.8819,35.6214,-8.0391,72.3504,979d3f8,2026-10-01T11:18:45
interaction,tf=0.5|ln=0.4,ood,2,0.5,0.4,0,0,8507,39.1804,34.65,-7.7239,72.3504,979d3f8,2026-10-01T11:18:52
interaction,tf=0.5|ln=0.4,ood,3,0.5,0.4,0,0,8507,39.5468,34.6675,-7.8879,72.3504,979d3f8,2026-10-01T11:18:59
interaction,tf=0.5|ln=0.4,ood,4,0.5,0.4,0,0,8507,39.2753,34.6733,-7.7662,72.3504,979d3f8,2026-10-01T11:19:06
interaction,tf=0.5|ln=0.4,ood,5,0.5,0.4,0,0,8507,40.0074,35.5888,-8.0961,72.3504,979d3f8,2026-10-01T11:19:13
interaction,tf=0.5|ln=0.4,ood,6,0.5,0.4,0,0,8507,39.5179,35.3365,-7.8749,72.3504,979d3f8,2026-10-01T11:19:19
interaction,tf=0.5|ln=0.4,ood,7,0.5,0.4,0,0,8507,40.2383,35.6333,-8.2014,72.3504,979d3f8,2026-10-01T11:19:25
interaction,tf=0.5|ln=0.4,ood,8,0.5,0.4,0,0,8507,40.6615,36.2153,-8.396,72.3504,979d3f8,2026-10-01T11:19:32
interaction,tf=0.5|ln=0.4,ood,9,0.5,0.4,0,0,8507,40.5773,36.2138,-8.3571,72.3504,979d3f8,2026-10-01T11:19:38
baseline,0,random_iid,0,1.0,0,0,0,17010,9.4338,5.2926,0.9235,34.1167,979d3f8,2026-10-01T11:19:52
baseline,0,random_iid,1,1.0,0,0,0,17010,9.4255,5.271,0.9237,34.1167,979d3f8,2026-10-01T11:20:05
baseline,0,random_iid,2,1.0,0,0,0,17010,9.4284,5.2749,0.9236,34.1167,979d3f8,2026-10-01T11:20:20
baseline,0,random_iid,3,1.0,0,0,0,17010,9.4208,5.2824,0.9237,34.1167,979d3f8,2026-10-01T11:20:32
baseline,0,random_iid,4,1.0,0,0,0,17010,9.4498,5.2831,0.9233,34.1167,979d3f8,2026-10-01T11:20:43
baseline,0,random_iid,5,1.0,0,0,0,17010,9.4502,5.2887,0.9233,34.1167,979d3f8,2026-10-01T11:20:53
baseline,0,random_iid,6,1.0,0,0,0,17010,9.4522,5.2815,0.9232,34.1167,979d3f8,2026-10-01T11:21:03
baseline,0,random_iid,7,1.0,0,0,0,17010,9.4341,5.2978,0.9235,34.1167,979d3f8,2026-10-01T11:21:14
baseline,0,random_iid,8,1.0,0,0,0,17010,9.435,5.3043,0.9235,34.1167,979d3f8,2026-10-01T11:21:25
baseline,0,random_iid,9,1.0,0,0,0,17010,9.4178,5.2814,0.9238,34.1167,979d3f8,2026-10-01T11:21:36
