split,train_fraction,label_noise,input_noise,missing_frac,n_seeds,n_train,rmse_mean,rmse_std,mae_mean,mae_std,r2_mean,r2_std,mean_predictor_rmse
grouped,0.02,0.0,0.0,0.0,10,342.0,16.7685,0.6006,11.5862,0.3804,0.7585,0.0172,34.1462
grouped,0.05,0.0,0.0,0.0,10,855.0,14.452,0.4879,9.6548,0.2872,0.8206,0.0121,34.1462
grouped,0.1,0.0,0.0,0.0,10,1710.0,13.4324,0.3246,8.6174,0.2052,0.8451,0.0075,34.1462
grouped,0.1,0.2,0.0,0.0,10,1710.0,13.7118,0.3409,9.0793,0.1924,0.8386,0.0081,34.1462
grouped,0.1,0.4,0.0,0.0,10,1710.0,14.4715,0.4286,10.0635,0.2594,0.8202,0.0108,34.1462
grouped,0.25,0.0,0.0,0.0,10,4274.0,12.0956,0.2837,7.3405,0.1363,0.8744,0.0059,34.1462
grouped,0.5,0.0,0.0,0.0,10,8549.0,11.1112,0.3079,6.4872,0.0894,0.894,0.0059,34.1462
grouped,0.5,0.2,0.0,0.0,10,8549.0,11.4812,0.2825,7.2308,0.1011,0.8868,0.0056,34.1462
grouped,0.5,0.4,0.0,0.0,10,8549.0,12.5615,0.2891,8.5965,0.1122,0.8645,0.0063,34.1462
grouped,1.0,0.0,0.0,0.0,10,17098.0,10.4161,0.0502,5.7356,0.0159,0.9069,0.0009,34.1462
grouped,1.0,0.0,0.0,0.1,10,17098.0,11.7229,0.1392,7.2464,0.0715,0.8821,0.0028,34.1462
grouped,1.0,0.0,0.0,0.25,10,17098.0,13.2388,0.1305,8.6893,0.054,0.8496,0.003,34.1462
grouped,1.0,0.0,0.0,0.5,10,17098.0,15.7102,0.1744,10.8278,0.0929,0.7882,0.0047,34.1462
grouped,1.0,0.0,0.05,0.0,10,17098.0,11.2009,0.0764,6.6368,0.0434,0.8923,0.0015,34.1462
grouped,1.0,0.0,0.1,0.0,10,17098.0,12.5416,0.1514,7.4864,0.0811,0.865,0.0033,34.1462
grouped,1.0,0.0,0.2,0.0,10,17098.0,14.0392,0.1106,8.367,0.0308,0.8309,0.0027,34.1462
grouped,1.0,0.0,0.4,0.0,10,17098.0,15.6139,0.1227,9.5139,0.0461,0.7908,0.0033,34.1462
grouped,1.0,0.05,0.0,0.0,10,17098.0,10.4355,0.083,5.8313,0.0237,0.9066,0.0015,34.1462
grouped,1.0,0.1,0.0,0.0,10,17098.0,10.5437,0.0892,6.0455,0.04,0.9046,0.0016,34.1462
grouped,1.0,0.2,0.0,0.0,10,17098.0,10.8759,0.1676,6.6482,0.0734,0.8985,0.0031,34.1462
grouped,1.0,0.4,0.0,0.0,10,17098.0,12.1119,0.3365,8.177,0.142,0.874,0.007,34.1462
ood,0.02,0.0,0.0,0.0,10,340.0,46.2217,1.1931,42.8842,1.396,-11.1486,0.6283,72.3504
ood,0.05,0.0,0.0,0.0,10,851.0,43.1116,1.4331,39.6254,1.3926,-9.5729,0.7001,72.3504
ood,0.1,0.0,0.0,0.0,10,1701.0,42.1723,1.3732,38.4154,1.3349,-9.1168,0.6703,72.3504
ood,0.1,0.2,0.0,0.0,10,1701.0,42.282,1.4731,38.4826,1.4774,-9.1709,0.7204,72.3504
ood,0.1,0.4,0.0,0.0,10,1701.0,42.2953,1.6095,38.4628,1.6233,-9.1795,0.7849,72.3504
ood,0.25,0.0,0.0,0.0,10,4254.0,40.7505,0.6803,36.6764,0.7613,-8.4395,0.3151,72.3504
ood,0.5,0.0,0.0,0.0,10,8507.0,39.9044,0.3945,35.5278,0.3948,-8.0501,0.1789,72.3504
ood,0.5,0.2,0.0,0.0,10,8507.0,39.8742,0.4669,35.5153,0.5342,-8.0367,0.2116,72.3504
ood,0.5,0.4,0.0,0.0,10,8507.0,39.9552,0.5676,35.5283,0.7132,-8.074,0.2578,72.3504
ood,1.0,0.0,0.0,0.0,10,17014.0,39.1656,0.087,34.4204,0.0647,-7.7174,0.0387,72.3504
ood,1.0,0.0,0.0,0.1,10,17014.0,41.6095,0.086,37.8399,0.0868,-8.8392,0.0407,72.3504
ood,1.0,0.0,0.0,0.25,10,17014.0,43.7478,0.1557,40.5908,0.1542,-9.8766,0.0775,72.3504
ood,1.0,0.0,0.0,0.5,10,17014.0,46.745,0.1707,44.0817,0.1805,-11.418,0.0908,72.3504
ood,1.0,0.0,0.05,0.0,10,17014.0,39.2822,0.1445,35.0178,0.1956,-7.7695,0.0644,72.3504
ood,1.0,0.0,0.1,0.0,10,17014.0,39.5965,0.2561,35.7291,0.3169,-7.9106,0.1154,72.3504
ood,1.0,0.0,0.2,0.0,10,17014.0,39.8513,0.4141,36.455,0.5112,-8.0262,0.1884,72.3504
ood,1.0,0.0,0.4,0.0,10,17014.0,39.7476,0.3617,36.8427,0.422,-7.979,0.1635,72.3504
ood,1.0,0.05,0.0,0.0,10,17014.0,39.1755,0.1075,34.4246,0.0828,-7.7218,0.0479,72.3504
ood,1.0,0.1,0.0,0.0,10,17014.0,39.1795,0.1503,34.4219,0.1316,-7.7237,0.0671,72.3504
ood,1.0,0.2,0.0,0.0,10,17014.0,39.149,0.1644,34.3936,0.1646,-7.7101,0.0733,72.3504
ood,1.0,0.4,0.0,0.0,10,17014.0,39.1539,0.2289,34.3421,0.2689,-7.7124,0.1022,72.3504
random_iid,1.0,0.0,0.0,0.0,10,17010.0,9.4348,0.0124,5.2858,0.0102,0.9235,0.0002,34.1167
